player_id,player_name,world_cup_team_id,world_cup_team,squad_position,age,number,has_2025_statistics,has_2026_statistics,failed_2025_query,failed_2026_query,competition_stat_lines,reported_minutes_across_lines
5,M. Akanji,15,Switzerland,Defender,30,5,True,True,False,False,10,4981.0
9,A. Hakimi,31,Morocco,Defender,27,2,True,True,False,False,8,4466.0
17,C. Pulisic,2384,USA,Midfielder,27,10,True,True,False,False,7,2607.0
20,A. Witsel,1,Belgium,Midfielder,36,6,True,True,False,False,3,2678.0
30,S. Arias,8,Colombia,Defender,33,4,True,True,False,False,12,4115.0
31,J. Giménez,7,Uruguay,Defender,30,2,True,True,False,False,8,2569.0
33,L. Hernández,2,France,Defender,29,21,True,True,False,False,9,2291.0
44,Rodri,9,Spain,Midfielder,29,16,True,True,False,False,7,3076.0
49,T. Partey,1504,Ghana,Midfielder,32,5,True,True,False,False,6,2722.0
69,B. Mechele,1,Belgium,Defender,32,4,True,True,False,False,4,5448.0
74,S. Amrabat,31,Morocco,Midfielder,29,4,True,True,False,False,9,2721.0
78,H. Vanaken,1,Belgium,Midfielder,33,20,True,True,False,False,4,5007.0
81,K. Diatta,13,Senegal,Defender,26,15,True,True,False,False,7,2517.0
130,Nélson Semedo,27,Portugal,Defender,32,2,True,True,False,False,6,3235.0
153,O. Dembélé,2,France,Midfielder,28,7,True,True,False,False,9,3192.0
154,L. Messi,26,Argentina,Attacker,38,10,True,True,False,False,11,7195.0
168,D. Sánchez,8,Colombia,Defender,29,23,True,True,False,False,9,5466.0
184,H. Kane,10,England,Attacker,32,9,True,True,False,False,9,5228.0
186,Son Heung-Min,17,South Korea,Attacker,33,7,True,True,False,False,8,4495.0
207,I. Perisic,3,Croatia,Defender,36,14,True,True,False,False,6,3578.0
217,Lautaro Martínez,26,Argentina,Attacker,28,22,True,True,False,False,10,4844.0
221,E. Room,5530,Curaçao,Goalkeeper,36,1,True,True,False,False,6,1294.0
225,A. Behich,20,Australia,Midfielder,35,16,True,True,False,False,6,4313.0
226,D. Dumfries,1118,Netherlands,Midfielder,29,22,True,True,False,False,7,2653.0
228,A. Obispo,5530,Curaçao,Defender,26,18,True,True,False,False,6,2132.0
241,M. Sadílek,770,Czech Republic,Midfielder,26,18,True,True,False,False,4,2929.0
242,R. Thomas,4673,New Zealand,Midfielder,31,23,True,True,False,False,4,2532.0
247,C. Gakpo,1118,Netherlands,Attacker,26,11,True,True,False,False,7,4345.0
249,D. Malen,1118,Netherlands,Attacker,26,18,True,True,False,False,9,3344.0
257,Marquinhos,6,Brazil,Defender,31,4,True,True,False,False,11,5209.0
264,T. Meunier,1,Belgium,Defender,34,15,True,True,False,False,6,3124.0
271,L. Paredes,26,Argentina,Midfielder,31,5,True,True,False,False,8,4285.0
272,A. Rabiot,2,France,Midfielder,30,14,True,True,False,False,6,3658.0
276,Neymar,6,Brazil,Attacker,33,10,True,True,False,False,9,3682.0
278,Kylian Mbappé,2,France,Attacker,27,10,True,True,False,False,7,4582.0
280,Alisson Becker,6,Brazil,Goalkeeper,33,1,True,True,False,False,8,4566.0
289,A. Robertson,1108,Scotland,Defender,31,3,True,True,False,False,9,2766.0
290,V. van Dijk,1118,Netherlands,Defender,34,4,True,True,False,False,7,5711.0
292,J. Henderson,10,England,Midfielder,35,14,True,True,False,False,6,2262.0
299,Fabinho,6,Brazil,Midfielder,32,17,True,True,False,False,6,5291.0
304,S. Mané,13,Senegal,Midfielder,33,10,True,True,False,False,7,4360.0
306,Mohamed Salah,32,Egypt,Attacker,33,10,True,True,False,False,8,4285.0
313,D. Ospina,8,Colombia,Goalkeeper,37,1,True,True,False,False,9,4820.0
318,K. Koulibaly,13,Senegal,Defender,34,3,True,True,False,False,6,3136.0
328,Fabián Ruiz,9,Spain,Midfielder,29,8,True,True,False,False,8,2715.0
369,Diogo Costa,27,Portugal,Goalkeeper,26,1,True,True,False,False,6,7705.0
375,C. Mbemba,1508,Congo DR,Defender,31,22,True,True,False,False,7,2621.0
399,A. Nübel,25,Germany,Goalkeeper,29,21,True,True,False,False,6,4641.0
409,N. Bentaleb,1532,Algeria,Midfielder,31,19,True,True,False,False,7,2702.0
415,W. McKennie,2384,USA,Midfielder,27,8,True,True,False,False,7,4961.0
417,A. Schöpf,775,Austria,Midfielder,31,26,True,True,False,False,6,2155.0
421,B. Embolo,15,Switzerland,Attacker,28,7,True,True,False,False,6,3139.0
427,H. Wright,2384,USA,Attacker,27,19,True,True,False,False,7,2923.0
429,F. Muslera,7,Uruguay,Goalkeeper,39,23,True,True,False,False,8,4102.0
440,Y. Nagatomo,12,Japan,Defender,39,5,True,True,False,False,9,2321.0
454,Y. Akgün,777,Türkiye,Midfielder,25,19,True,True,False,False,7,2658.0
497,M. Neuer,25,Germany,Goalkeeper,39,1,True,True,False,False,8,4320.0
502,J. Kimmich,25,Germany,Defender,30,6,True,True,False,False,8,5132.0
505,D. Alaba,775,Austria,Defender,33,8,True,True,False,False,7,941.0
509,A. Davies,5529,Canada,Defender,25,19,True,True,False,False,6,1076.0
511,L. Goretzka,25,Germany,Midfielder,30,8,True,True,False,False,8,2748.0
517,J. Rodríguez,8,Colombia,Attacker,34,10,True,True,False,False,7,3427.0
524,D. Kotarski,3,Croatia,Goalkeeper,25,23,True,True,False,False,5,4111.0
529,N. Tagliafico,26,Argentina,Defender,33,3,True,True,False,False,7,3844.0
538,F. de Jong,1118,Netherlands,Midfielder,28,21,True,True,False,False,7,3137.0
542,R. Gravenberch,1118,Netherlands,Midfielder,23,8,True,True,False,False,7,4785.0
544,N. Lang,1118,Netherlands,Attacker,26,17,True,True,False,False,10,2027.0
545,N. Mazraoui,31,Morocco,Defender,28,3,True,True,False,False,7,2775.0
563,Álex Grimaldo,9,Spain,Defender,30,3,True,True,False,False,6,4263.0
567,Rúben Dias,27,Portugal,Defender,28,3,True,True,False,False,8,3579.0
583,João Félix,27,Portugal,Midfielder,26,11,True,True,False,False,4,3587.0
617,Ederson,6,Brazil,Goalkeeper,32,23,True,True,False,False,10,4226.0
618,Danilo,6,Brazil,Defender,34,13,True,True,False,False,16,7942.0
619,Eric García,9,Spain,Defender,24,4,True,True,False,False,6,3998.0
622,Aymeric Laporte,9,Spain,Defender,31,14,True,True,False,False,6,3198.0
624,N. Otamendi,26,Argentina,Defender,37,19,True,True,False,False,9,6580.0
626,J. Stones,10,England,Defender,31,5,True,True,False,False,9,1685.0
629,K. De Bruyne,1,Belgium,Midfielder,34,7,True,True,False,False,4,2036.0
635,R. Mahrez,1532,Algeria,Midfielder,34,7,True,True,False,False,7,3891.0
636,Bernardo Silva,27,Portugal,Midfielder,31,10,True,True,False,False,8,4452.0
637,F. Nmecha,25,Germany,Midfielder,25,23,True,True,False,False,7,4103.0
644,L. Sané,25,Germany,Midfielder,30,19,True,True,False,False,8,3782.0
658,H. Aouar,1532,Algeria,Attacker,27,8,True,True,False,False,5,2930.0
667,M. Depay,1118,Netherlands,Attacker,31,10,True,True,False,False,10,4158.0
702,O. Baumann,25,Germany,Goalkeeper,35,12,True,True,False,False,4,3540.0
706,J. Brenet,5530,Curaçao,Defender,31,20,True,True,False,False,7,2731.0
711,S. Posch,775,Austria,Defender,28,5,True,True,False,False,7,2744.0
714,N. Amiri,25,Germany,Midfielder,29,20,True,True,False,False,5,2899.0
719,F. Grillitsch,775,Austria,Midfielder,30,10,True,True,False,False,4,1951.0
726,A. Kramaric,3,Croatia,Midfielder,34,9,True,True,False,False,4,2555.0
730,T. Courtois,1,Belgium,Goalkeeper,33,1,True,True,False,False,6,5280.0
732,L. Zidane,1532,Algeria,Goalkeeper,27,23,True,True,False,False,5,3273.0
744,Brahim Díaz,31,Morocco,Midfielder,26,10,True,True,False,False,8,3132.0
747,Casemiro,6,Brazil,Midfielder,33,5,True,True,False,False,9,4863.0
750,Álvaro Fidalgo,16,Mexico,Midfielder,28,8,True,True,False,False,11,3372.0
753,Marcos Llorente,9,Spain,Midfielder,30,5,True,True,False,False,7,4249.0
754,L. Modric,3,Croatia,Midfielder,40,10,True,True,False,False,7,3574.0
756,F. Valverde,7,Uruguay,Midfielder,27,8,True,True,False,False,7,5892.0
762,Vinícius Júnior,6,Brazil,Midfielder,25,7,True,True,False,False,9,6562.0
790,E. Dzeko,1113,Bosnia & Herzegovina,Attacker,39,11,True,True,False,False,6,5088.0
792,J. Kluivert,1118,Netherlands,Attacker,26,7,True,True,False,False,5,1165.0
794,P. Schick,770,Czech Republic,Attacker,29,10,True,True,False,False,6,3159.0
818,T. Chorý,770,Czech Republic,Attacker,30,19,True,True,False,False,4,2423.0
842,N. Vlasic,3,Croatia,Midfielder,28,13,True,True,False,False,4,3616.0
855,João Cancelo,27,Portugal,Defender,31,20,True,True,False,False,8,2865.0
860,Alex Sandro,6,Brazil,Defender,34,6,True,True,False,False,15,6694.0
863,R. Bentancur,7,Uruguay,Midfielder,28,6,True,True,False,False,8,3803.0
874,Cristiano Ronaldo,27,Portugal,Attacker,40,7,True,True,False,False,5,3861.0
886,Diogo Dalot,27,Portugal,Defender,26,5,True,True,False,False,5,3039.0
889,V. Lindelöf,5,Sweden,Midfielder,31,3,True,True,False,False,6,2303.0
903,S. McTominay,1108,Scotland,Attacker,29,4,True,True,False,False,7,4242.0
906,T. Chong,5530,Curaçao,Midfielder,26,21,True,True,False,False,7,1362.0
907,R. Lukaku,1,Belgium,Attacker,32,9,True,True,False,False,6,355.0
909,M. Rashford,10,England,Attacker,28,11,True,True,False,False,8,3099.0
925,Gonçalo Guedes,27,Portugal,Attacker,29,19,True,True,False,False,4,2411.0
927,Lee Kang-In,17,South Korea,Attacker,24,19,True,True,False,False,9,3738.0
931,Ferran Torres,9,Spain,Midfielder,25,7,True,True,False,False,7,3088.0
951,M. Aebischer,15,Switzerland,Midfielder,28,20,True,True,False,False,6,3771.0
952,C. Fassnacht,15,Switzerland,Midfielder,32,16,True,True,False,False,4,2821.0
957,D. Sow,15,Switzerland,Midfielder,28,15,True,True,False,False,5,2785.0
972,J. Tah,25,Germany,Defender,29,4,True,True,False,False,8,5066.0
978,K. Havertz,25,Germany,Attacker,26,7,True,True,False,False,8,1652.0
1084,M. Pongracic,3,Croatia,Defender,28,3,True,True,False,False,6,5594.0
1095,X. Schlager,775,Austria,Midfielder,28,4,True,True,False,False,4,2446.0
1100,E. Haaland,1090,Norway,Attacker,25,9,True,True,False,False,9,5118.0
1106,C. Gordon,1108,Scotland,Goalkeeper,43,21,True,True,False,False,4,843.0
1111,J. Hendry,1108,Scotland,Defender,30,13,True,True,False,False,4,3103.0
1115,A. Ralston,1108,Scotland,Defender,27,24,True,True,False,False,6,1772.0
1117,K. Tierney,1108,Scotland,Midfielder,28,6,True,True,False,False,6,3708.0
1119,K. Ajer,1090,Norway,Defender,27,3,True,True,False,False,6,3030.0
1125,R. Christie,1108,Scotland,Midfielder,30,11,True,True,False,False,6,1956.0
1138,T. Weah,2384,USA,Attacker,25,21,True,True,False,False,9,3633.0
1142,Y. Mvogo,15,Switzerland,Goalkeeper,31,12,True,True,False,False,5,3015.0
1145,I. Konaté,2,France,Defender,26,15,True,True,False,False,7,4547.0
1149,D. Upamecano,2,France,Defender,27,4,True,True,False,False,8,4452.0
1150,T. Adams,2384,USA,Midfielder,27,4,True,True,False,False,7,2773.0
1157,K. Laimer,775,Austria,Defender,28,20,True,True,False,False,8,4131.0
1159,M. Sabitzer,775,Austria,Midfielder,31,9,True,True,False,False,7,3419.0
1165,Matheus Cunha,6,Brazil,Attacker,26,9,True,True,False,False,9,3681.0
1231,V. Coufal,770,Czech Republic,Midfielder,33,5,True,True,False,False,4,3727.0
1237,J. Zelený,770,Czech Republic,Midfielder,33,20,True,True,False,False,4,2496.0
1243,T. Soucek,770,Czech Republic,Midfielder,30,22,True,True,False,False,5,2700.0
1257,J. Koundé,2,France,Defender,27,5,True,True,False,False,7,4340.0
1271,A. Tchouaméni,2,France,Midfielder,25,8,True,True,False,False,7,5020.0
1290,G. Varela,7,Uruguay,Defender,32,13,True,True,False,False,15,5704.0
1305,D. Livakovic,3,Croatia,Goalkeeper,31,1,True,True,False,False,9,2271.0
1322,N. Moro,3,Croatia,Midfielder,27,7,True,True,False,False,6,2779.0
1323,Dani Olmo,9,Spain,Midfielder,27,10,True,True,False,False,7,3408.0
1324,I. Sunjic,1113,Bosnia & Herzegovina,Midfielder,29,14,True,True,False,False,4,2938.0
1361,F. Kadioglu,777,Türkiye,Defender,26,20,True,True,False,False,4,3676.0
1411,H. Delcroix,2386,Haiti,Defender,26,5,True,True,False,False,5,1750.0
1417,A. Saelemaekers,1,Belgium,Attacker,26,22,True,True,False,False,6,3316.0
1422,J. Doku,1,Belgium,Midfielder,23,11,True,True,False,False,8,4019.0
1424,E. Kayembe,1508,Congo DR,Midfielder,27,25,True,True,False,False,6,2973.0
1442,S. Kolasinac,1113,Bosnia & Herzegovina,Defender,32,5,True,True,False,False,5,2790.0
1460,B. Saka,10,England,Midfielder,24,7,True,True,False,False,9,3928.0
1464,G. Xhaka,15,Switzerland,Midfielder,33,10,True,True,False,False,5,3946.0
1485,Bruno Fernandes,27,Portugal,Midfielder,31,8,True,True,False,False,7,4783.0
1494,Jovane Cabral,1533,Cape Verde Islands,Midfielder,27,7,True,True,False,False,4,3320.0
1496,Raphinha,6,Brazil,Midfielder,29,11,True,True,False,False,8,3660.0
1567,A. Mandi,1532,Algeria,Defender,34,2,True,True,False,False,7,4294.0
1578,G. Lo Celso,26,Argentina,Midfielder,29,11,True,True,False,False,7,2394.0
1590,José Sá,27,Portugal,Goalkeeper,32,12,True,True,False,False,4,2248.0
1631,R. Rodríguez,15,Switzerland,Defender,33,13,True,True,False,False,6,3273.0
1640,H. Çalhanoglu,777,Türkiye,Midfielder,31,10,True,True,False,False,9,2898.0
1642,F. Kessié,1501,Ivory Coast,Midfielder,29,8,True,True,False,False,7,4046.0
1646,Lucas Paquetá,6,Brazil,Midfielder,28,20,True,True,False,False,10,3851.0
1719,M. Müldür,777,Türkiye,Defender,26,18,True,True,False,False,9,2516.0
1725,D. Ljubičić,775,Austria,Midfielder,26,19,True,True,False,False,4,2706.0
1741,N. Katic,1113,Bosnia & Herzegovina,Defender,29,18,True,True,False,False,4,3129.0
1807,E. Ndicka,1501,Ivory Coast,Defender,26,21,True,True,False,False,8,7332.0
1864,Pedro Neto,27,Portugal,Midfielder,25,18,True,True,False,False,9,5367.0
1902,D. Caleta-Car,3,Croatia,Defender,29,5,True,True,False,False,4,2541.0
1929,J. Lucumí,8,Colombia,Defender,27,3,True,True,False,False,8,5780.0
1934,S. Berge,1090,Norway,Midfielder,27,8,True,True,False,False,6,3916.0
1942,J. Ito,12,Japan,Attacker,32,14,True,True,False,False,6,3139.0
1946,L. Trossard,1,Belgium,Midfielder,31,10,True,True,False,False,8,3560.0
2001,C. Larin,5529,Canada,Attacker,30,9,True,True,False,False,11,2043.0
2032,J. Strand Larsen,1090,Norway,Attacker,25,11,True,True,False,False,8,3340.0
2098,G. Ochoa,16,Mexico,Goalkeeper,40,13,True,True,False,False,4,777.0
2120,N. Raskin,1,Belgium,Midfielder,24,23,True,True,False,False,7,5697.0
2194,R. Bensebaïni,1532,Algeria,Defender,30,21,True,True,False,False,9,4235.0
2218,I. Sarr,13,Senegal,Midfielder,27,18,True,True,False,False,8,4521.0
2252,T. Holes,770,Czech Republic,Defender,32,3,True,True,False,False,4,2436.0
2285,A. Rüdiger,25,Germany,Defender,32,2,True,True,False,False,6,2847.0
2290,N. Kanté,2,France,Midfielder,34,13,True,True,False,False,10,4147.0
2291,M. Kovacic,3,Croatia,Midfielder,31,8,True,True,False,False,8,681.0
2331,Stopira,1533,Cape Verde Islands,Defender,37,2,True,True,False,False,4,848.0
2410,Weverton,6,Brazil,Goalkeeper,38,12,True,True,False,False,13,7181.0
2465,J. Musso,26,Argentina,Goalkeeper,31,1,True,True,False,False,7,1739.0
2467,Lisandro Martínez,26,Argentina,Defender,27,6,True,True,False,False,6,2534.0
2468,G. Montiel,26,Argentina,Defender,28,4,True,True,False,False,10,4694.0
2472,R. De Paul,26,Argentina,Midfielder,31,7,True,True,False,False,9,5168.0
2481,Á. Montero,8,Colombia,Goalkeeper,30,24,True,True,False,False,9,4277.0
2482,C. Vargas,8,Colombia,Goalkeeper,36,12,True,True,False,False,6,4992.0
2483,D. Machado,8,Colombia,Defender,32,22,True,True,False,False,7,2026.0
2484,Y. Mina,8,Colombia,Defender,31,13,True,True,False,False,6,2834.0
2489,L. Díaz,8,Colombia,Midfielder,28,7,True,True,False,False,8,6514.0
2490,J. Lerma,8,Colombia,Midfielder,31,16,True,True,False,False,8,4489.0
2499,J. Alonso,2380,Paraguay,Defender,32,6,True,True,False,False,11,8456.0
2500,F. Balbuena,2380,Paraguay,Defender,34,5,True,True,False,False,7,1843.0
2502,G. Gómez,2380,Paraguay,Defender,32,15,True,True,False,False,13,9607.0
2507,M. Almirón,2380,Paraguay,Midfielder,31,10,True,True,False,False,7,5522.0
2514,A. Romero,2380,Paraguay,Attacker,30,17,True,True,False,False,5,1595.0
2522,A. Sanabria,2380,Paraguay,Attacker,29,9,True,True,False,False,5,1912.0
2530,Pedro Miguel,1569,Qatar,Defender,35,2,True,True,False,False,7,2728.0
2532,Boualem Khoukhi,1569,Qatar,Defender,35,16,True,True,False,False,6,2697.0
2533,Abdulaziz Hatem,1569,Qatar,Midfielder,35,6,True,True,False,False,5,1047.0
2535,Assim Madibo,1569,Qatar,Midfielder,29,23,True,True,False,False,6,1161.0
2537,Karim Boudiaf,1569,Qatar,Midfielder,35,12,True,True,False,False,6,899.0
2539,Ahmed Fathi,1569,Qatar,Midfielder,32,20,True,True,False,False,5,2174.0
2542,Ahmed Alaa,1569,Qatar,Attacker,32,7,True,True,False,False,5,706.0
2543,Almoez Ali,1569,Qatar,Attacker,29,19,True,True,False,False,6,1920.0
2544,Akram Afif,1569,Qatar,Attacker,29,11,True,True,False,False,7,3842.0
2545,Hassan Al Haydos,1569,Qatar,Attacker,35,10,True,True,False,False,7,505.0
2575,J. Porozo,2382,Ecuador,Defender,25,25,True,True,False,False,6,3784.0
2583,A. Preciado,2382,Ecuador,Defender,27,17,True,True,False,False,9,3039.0
2597,T. Tomiyasu,12,Japan,Defender,27,22,True,True,False,False,4,680.0
2598,R. Doan,12,Japan,Attacker,27,10,True,True,False,False,7,4566.0
2601,D. Kamada,12,Japan,Attacker,29,15,True,True,False,False,8,4544.0
2612,G. de Arrascaeta,7,Uruguay,Midfielder,31,10,True,True,False,False,16,7761.0
2639,Sultan Mandash,23,Saudi Arabia,Midfielder,31,20,True,True,False,False,6,1627.0
2649,Ahmed Fatouh,32,Egypt,Defender,27,13,True,True,False,False,5,2382.0
2654,Mohamed Hany,32,Egypt,Defender,29,3,True,True,False,False,5,4015.0
2656,Karim Hafez,32,Egypt,Defender,29,15,True,True,False,False,8,1824.0
2660,Nabil Emad Dunga,32,Egypt,Midfielder,29,18,True,True,False,False,5,1817.0
2664,Trézéguet,32,Egypt,Attacker,31,7,True,True,False,False,9,3042.0
2676,Rúben Neves,27,Portugal,Midfielder,28,21,True,True,False,False,5,4096.0
2681,P. Niazmand,22,Iran,Goalkeeper,30,12,True,True,False,False,5,0.0
2682,A. Beiranvand,22,Iran,Goalkeeper,33,1,True,True,False,False,5,1946.0
2683,R. Cheshmi,22,Iran,Midfielder,32,15,True,True,False,False,3,256.0
2685,E. Hajisafi,22,Iran,Defender,35,3,True,True,False,False,4,550.0
2687,H. Kanani,22,Iran,Defender,31,13,False,True,False,False,2,531.0
2688,M. Mohammadi,22,Iran,Defender,32,5,True,True,False,False,6,1372.0
2691,R. Rezaeian,22,Iran,Midfielder,35,23,True,True,False,False,8,709.0
2697,M. Torabi,22,Iran,Midfielder,31,16,True,True,False,False,4,368.0
2699,S. Ghoddos,22,Iran,Midfielder,32,14,True,True,False,False,4,1842.0
2700,A. Jahanbakhsh,22,Iran,Midfielder,32,7,True,True,False,False,4,1372.0
2701,Y. Bounou,31,Morocco,Goalkeeper,34,1,True,True,False,False,7,5213.0
2702,M. Mohamedi,31,Morocco,Goalkeeper,36,12,True,True,False,False,7,270.0
2703,A. Tagnaouti,31,Morocco,Goalkeeper,29,22,True,True,False,False,3,999.0
2722,A. El Kaabi,31,Morocco,Attacker,32,20,True,True,False,False,8,3622.0
2724,L. Digne,2,France,Defender,32,3,True,True,False,False,7,3617.0
2741,M. Ryan,20,Australia,Goalkeeper,33,1,True,True,False,False,6,4411.0
2742,M. Degenek,20,Australia,Defender,31,2,True,True,False,False,6,2452.0
2749,J. Irvine,20,Australia,Midfielder,32,22,True,True,False,False,6,3334.0
2751,M. Leckie,20,Australia,Midfielder,34,7,True,True,False,False,6,637.0
2755,A. Mabil,20,Australia,Midfielder,30,11,True,True,False,False,5,1791.0
2763,Mario Pasalic,3,Croatia,Midfielder,30,15,True,True,False,False,5,2983.0
2803,N. Elvedi,15,Switzerland,Defender,29,4,True,True,False,False,5,4148.0
2807,R. Freuler,15,Switzerland,Midfielder,33,8,True,True,False,False,6,4049.0
2810,D. Zakaria,15,Switzerland,Defender,29,6,True,True,False,False,7,5608.0
2851,K. Nordfeldt,5,Sweden,Goalkeeper,36,23,True,True,False,False,6,3870.0
2860,K. Sema,5,Sweden,Midfielder,32,13,True,True,False,False,5,1257.0
2864,A. Isak,5,Sweden,Attacker,26,9,True,True,False,False,6,1644.0
2869,E. Álvarez,16,Mexico,Defender,28,4,True,True,False,False,8,2102.0
2873,C. Montes,16,Mexico,Defender,28,3,True,True,False,False,5,3588.0
2878,J. Sánchez,16,Mexico,Defender,28,2,True,True,False,False,10,3941.0
2879,R. Alvarado,16,Mexico,Attacker,27,25,True,True,False,False,7,4012.0
2881,J. Gallardo,16,Mexico,Defender,31,23,True,True,False,False,8,5035.0
2887,R. Jiménez,16,Mexico,Attacker,34,9,True,True,False,False,7,3693.0
2889,A. Vega,16,Mexico,Attacker,28,10,True,True,False,False,8,2659.0
2890,Jo Hyeon-Woo,17,South Korea,Goalkeeper,34,21,True,True,False,False,10,4702.0
2892,Kim Seung-Gyu,17,South Korea,Goalkeeper,35,1,True,True,False,False,6,3475.0
2897,Kim Min-Jae,17,South Korea,Defender,29,4,True,True,False,False,10,3693.0
2901,Hwang In-Beom,17,South Korea,Midfielder,29,6,True,True,False,False,9,3073.0
2906,Lee Jae-Sung,17,South Korea,Attacker,33,10,True,True,False,False,7,4217.0
2909,Paik Seung-Ho,17,South Korea,Midfielder,28,8,True,True,False,False,7,4329.0
2912,Kim Moon-Hwan,17,South Korea,Midfielder,30,15,True,True,False,False,8,2198.0
2920,T. Castagne,1,Belgium,Defender,30,21,True,True,False,False,5,3035.0
2926,Y. Tielemans,1,Belgium,Midfielder,28,8,True,True,False,False,6,3751.0
2932,J. Pickford,10,England,Goalkeeper,31,1,True,True,False,False,7,5413.0
2937,D. Rice,10,England,Midfielder,26,4,True,True,False,False,9,5332.0
2945,D. Bronn,28,Tunisia,Defender,30,6,True,True,False,False,7,1880.0
2962,F. Chaouat,28,Tunisia,Attacker,29,19,True,True,False,False,4,313.0
2967,L. Mejía,11,Panama,Goalkeeper,34,1,True,True,False,False,7,2619.0
2968,O. Mosquera,11,Panama,Goalkeeper,31,22,True,True,False,False,5,4112.0
2970,É. Davis,11,Panama,Defender,34,15,True,True,False,False,6,737.0
2971,F. Escobar,11,Panama,Defender,30,4,True,True,False,False,7,1381.0
2973,A. Murillo,11,Panama,Midfielder,29,23,True,True,False,False,10,3931.0
2975,C. Blackman,11,Panama,Midfielder,27,2,True,True,False,False,7,2655.0
2977,A. Godoy,11,Panama,Midfielder,35,20,True,True,False,False,9,3987.0
2978,A. Quintero,11,Panama,Midfielder,38,19,True,True,False,False,4,685.0
2979,J. Rodríguez,11,Panama,Attacker,27,7,True,True,False,False,7,4088.0
2983,J. Fajardo,11,Panama,Attacker,32,17,True,True,False,False,8,3495.0
2986,É. Mendy,13,Senegal,Goalkeeper,33,16,True,True,False,False,6,4203.0
2990,I. Gueye,13,Senegal,Midfielder,36,5,True,True,False,False,6,3395.0
3033,C. Bakambu,1508,Congo DR,Attacker,34,17,True,True,False,False,8,1666.0
3034,M. Elia,1508,Congo DR,Attacker,28,13,True,True,False,False,7,1221.0
3243,J. Seri,1501,Ivory Coast,Midfielder,34,4,True,True,False,False,4,235.0
3246,N. Pépé,1501,Ivory Coast,Midfielder,30,19,True,True,False,False,7,3709.0
3275,R. Williams,1531,South Africa,Goalkeeper,33,1,True,True,False,False,7,5506.0
3287,T. Mokoena,1531,South Africa,Midfielder,28,4,True,True,False,False,7,4078.0
3289,T. Zwane,1531,South Africa,Midfielder,36,11,True,True,False,False,4,730.0
3412,L. Zigi,1504,Ghana,Goalkeeper,29,1,True,True,False,False,5,6144.0
3428,J. Ayew,1504,Ghana,Attacker,34,9,True,True,False,False,6,2952.0
3608,K. Sibo,1504,Ghana,Midfielder,27,8,True,True,False,False,5,2397.0
4399,H. Boudaoui,1532,Algeria,Midfielder,26,14,True,True,False,False,9,2797.0
4414,O. Benbot,1532,Algeria,Goalkeeper,31,16,True,True,False,False,7,1014.0
4561,Z. Belaïd,1532,Algeria,Defender,27,5,True,True,False,False,7,924.0
4569,M. Tougai,1532,Algeria,Defender,26,4,True,True,False,False,9,829.0
5994,J. Carrascal,8,Colombia,Midfielder,27,8,True,True,False,False,12,3100.0
5995,N. de la Cruz,7,Uruguay,Midfielder,28,7,True,True,False,False,14,4843.0
5996,E. Fernández,26,Argentina,Midfielder,24,24,True,True,False,False,10,7468.0
6002,E. Palacios,26,Argentina,Defender,27,14,True,True,False,False,6,2009.0
6005,J. Quintero,8,Colombia,Midfielder,32,20,True,True,False,False,11,3936.0
6009,J. Álvarez,26,Argentina,Midfielder,25,9,True,True,False,False,9,5662.0
6067,T. Almada,26,Argentina,Midfielder,24,16,True,True,False,False,10,2644.0
6168,O. Alderete,2380,Paraguay,Defender,29,3,True,True,False,False,6,4731.0
6231,F. Medina,26,Argentina,Defender,26,25,True,True,False,False,8,2601.0
6236,A. Cubas,2380,Paraguay,Midfielder,29,14,True,True,False,False,8,5691.0
6483,G. Ávalos,2380,Paraguay,Attacker,35,21,True,True,False,False,7,6934.0
6503,N. Molina,26,Argentina,Defender,27,26,True,True,False,False,9,4360.0
6610,M. Senesi,26,Argentina,Midfielder,28,2,True,True,False,False,8,3677.0
6716,A. Mac Allister,26,Argentina,Midfielder,27,20,True,True,False,False,10,5945.0
6808,J. Italiano,20,Australia,Defender,24,4,True,True,False,False,4,2476.0
6832,C. Devlin,20,Australia,Midfielder,27,14,True,True,False,False,6,4438.0
6865,K. Barbarouses,4673,New Zealand,Attacker,35,17,True,True,False,False,8,1664.0
6870,P. Izzo,20,Australia,Goalkeeper,30,12,True,True,False,False,5,2703.0
6904,C. Metcalfe,20,Australia,Midfielder,26,8,True,True,False,False,6,2254.0
6931,L. Cacace,4673,New Zealand,Defender,25,13,True,True,False,False,7,1579.0
6932,C. Elliot,4673,New Zealand,Defender,26,24,True,True,False,False,5,1834.0
6934,A. Rufer,4673,New Zealand,Midfielder,29,14,True,True,False,False,7,2486.0
6935,S. Singh,4673,New Zealand,Midfielder,26,10,True,True,False,False,6,2011.0
6938,B. Waine,4673,New Zealand,Attacker,24,18,True,True,False,False,8,2078.0
7050,A. O Neill,20,Australia,Midfielder,27,13,True,True,False,False,7,4547.0
7090,M. Svoboda,775,Austria,Defender,27,25,True,True,False,False,4,2613.0
7197,A. Andrade,11,Panama,Defender,27,16,True,True,False,False,6,3958.0
7318,A. Dedic,1113,Bosnia & Herzegovina,Defender,23,7,True,True,False,False,6,4567.0
7327,A. Prass,775,Austria,Defender,24,22,True,True,False,False,5,1546.0
7328,N. Seiwald,775,Austria,Midfielder,24,6,True,True,False,False,4,3584.0
7332,L. Sucic,3,Croatia,Midfielder,23,21,True,True,False,False,5,1515.0
7525,A. Schlager,775,Austria,Goalkeeper,29,1,True,True,False,False,6,4324.0
7562,R. Schmid,775,Austria,Midfielder,25,18,True,True,False,False,5,3446.0
7578,G. Mensah,1504,Ghana,Defender,27,14,True,True,False,False,5,2998.0
7598,P. Pentz,775,Austria,Goalkeeper,28,13,True,True,False,False,4,3448.0
7722,S. Kalajdzic,775,Austria,Attacker,28,14,True,True,False,False,5,1505.0
8445,D. Batubinsika,1508,Congo DR,Defender,29,5,True,True,False,False,5,1502.0
8450,A. Seck,13,Senegal,Defender,33,4,True,True,False,False,7,2094.0
8486,E. Smith,5,Sweden,Defender,28,20,True,True,False,False,4,2707.0
8489,J. David,5529,Canada,Attacker,25,10,True,True,False,False,8,3667.0
8492,A. Sørloth,1090,Norway,Attacker,30,7,True,True,False,False,9,3528.0
8601,F. Pierrot,2386,Haiti,Attacker,30,20,True,True,False,False,8,3111.0
8627,T. Bongonda,1508,Congo DR,Midfielder,30,10,True,True,False,False,7,440.0
8794,G. Hirst,1108,Scotland,Attacker,26,18,True,True,False,False,6,2535.0
9026,N. Vasilj,1113,Bosnia & Herzegovina,Goalkeeper,30,1,True,True,False,False,4,3840.0
10097,Éderson Silva,6,Brazil,Midfielder,22,2,True,True,False,False,5,3199.0
10124,Léo Pereira,6,Brazil,Defender,29,15,True,True,False,False,14,9967.0
10135,Bruno Guimarães,6,Brazil,Midfielder,28,8,True,True,False,False,9,5540.0
12303,Ricardo Ade,2386,Haiti,Defender,35,4,True,True,False,False,9,7111.0
13151,J. Portilla,8,Colombia,Midfielder,27,15,True,True,False,False,9,3408.0
13376,J. Campaz,8,Colombia,Midfielder,25,21,True,True,False,False,8,3722.0
13571,W. Ditta,8,Colombia,Defender,28,18,True,True,False,False,10,5555.0
13708,J. Arias,8,Colombia,Midfielder,28,11,True,True,False,False,16,7572.0
13736,D. Muñoz,8,Colombia,Defender,29,2,True,True,False,False,8,5749.0
14268,I. Pandur,3,Croatia,Goalkeeper,25,12,True,True,False,False,6,4320.0
14301,S. Radeljic,1113,Bosnia & Herzegovina,Defender,28,21,True,True,False,False,4,3766.0
14379,C. Ndiaye,13,Senegal,Attacker,30,12,True,True,False,False,9,2241.0
14395,K. Jakic,3,Croatia,Midfielder,28,18,True,True,False,False,4,1860.0
14701,J. Sutalo,3,Croatia,Defender,25,6,True,True,False,False,6,2742.0
15286,Mousa Tamari,1548,Jordan,Midfielder,28,10,True,True,False,False,6,3584.0
15304,Vózinha,1533,Cape Verde Islands,Goalkeeper,39,1,True,True,False,False,4,1560.0
15683,G. Nilsson,5,Sweden,Attacker,28,25,True,True,False,False,5,222.0
15769,Frans Putros,1567,Iraq,Defender,32,26,True,True,False,False,5,961.0
15900,A. Mumin,1504,Ghana,Defender,28,6,True,True,False,False,3,92.0
16360,A. Franco,2382,Ecuador,Defender,27,21,True,True,False,False,11,8477.0
16367,W. Pacho,2382,Ecuador,Defender,24,6,True,True,False,False,11,6579.0
16369,G. Plata,2382,Ecuador,Attacker,25,19,True,True,False,False,16,5764.0
16380,H. Galíndez,2382,Ecuador,Goalkeeper,38,1,True,True,False,False,8,10510.0
16470,J. Alcívar,2382,Ecuador,Midfielder,26,5,True,True,False,False,9,4452.0
16482,R. Aguirre,7,Uruguay,Attacker,31,19,True,True,False,False,13,3664.0
16590,J. Caicedo,2382,Ecuador,Attacker,28,16,True,True,False,False,6,1886.0
16642,G. Valle,2382,Ecuador,Goalkeeper,29,22,True,True,False,False,8,3830.0
16797,Mohamed El Shenawy,32,Egypt,Goalkeeper,37,1,True,True,False,False,5,1991.0
16804,Yasser Ibrahim,32,Egypt,Defender,32,2,True,True,False,False,5,3591.0
16805,Rami Rabia,32,Egypt,Defender,32,5,True,True,False,False,4,1730.0
16813,Hamdi Fathy,32,Egypt,Defender,31,14,True,True,False,False,4,1853.0
16831,Al Mahdi Soliman,32,Egypt,Goalkeeper,38,16,True,True,False,False,4,1406.0
16841,Mohanad Lasheen,32,Egypt,Midfielder,29,17,True,True,False,False,7,3638.0
16871,Ahmed Zizo,32,Egypt,Attacker,30,25,True,True,False,False,5,2298.0
17269,Emam Ashour,32,Egypt,Midfielder,27,8,True,True,False,False,5,2153.0
18110,M. Crocombe,4673,New Zealand,Goalkeeper,32,1,True,True,False,False,6,3338.0
18592,I. Ndiaye,13,Senegal,Midfielder,25,13,True,True,False,False,8,3765.0
18776,Ç. Söyüncü,777,Türkiye,Defender,29,4,True,True,False,False,8,1302.0
18814,I. Diop,31,Morocco,Defender,28,14,True,True,False,False,5,2064.0
18816,A. Masuaku,1508,Congo DR,Defender,32,26,True,True,False,False,9,1062.0
18830,M. Arnautovic,775,Austria,Attacker,36,7,True,True,False,False,5,1986.0
18846,A. Wan-Bissaka,1508,Congo DR,Defender,28,2,True,True,False,False,7,3249.0
18861,N. Aké,1118,Netherlands,Defender,30,5,True,True,False,False,8,2274.0
18931,C. Wood,4673,New Zealand,Attacker,34,9,True,True,False,False,6,2020.0
18933,A. Gunn,1108,Scotland,Goalkeeper,29,1,True,True,False,False,7,502.0
18938,A. Jones,5529,Canada,Defender,28,3,True,True,False,False,4,1996.0
18942,Y. Valery,28,Tunisia,Midfielder,26,20,True,True,False,False,6,3912.0
18961,D. Burn,10,England,Defender,33,15,True,True,False,False,8,3682.0
18967,L. Østigård,1090,Norway,Defender,26,4,True,True,False,False,5,3041.0
18970,P. Groß,25,Germany,Midfielder,34,13,True,True,False,False,9,3363.0
18979,V. Gyökeres,5,Sweden,Attacker,27,17,True,True,False,False,9,4662.0
18981,J. Locadia,5530,Curaçao,Attacker,32,9,True,True,False,False,4,888.0
18997,L. Bacuna,5530,Curaçao,Midfielder,34,10,True,True,False,False,7,4039.0
19023,T. Ream,2384,USA,Defender,38,13,True,True,False,False,9,6287.0
19047,J. Bacuna,5530,Curaçao,Midfielder,28,7,True,True,False,False,8,2296.0
19066,G. Hanley,1108,Scotland,Defender,34,5,True,True,False,False,6,2385.0
19077,K. McLean,1108,Scotland,Midfielder,33,23,True,True,False,False,6,4702.0
19088,D. Henderson,10,England,Goalkeeper,28,13,True,True,False,False,8,4803.0
19170,M. Rogers,10,England,Midfielder,23,17,True,True,False,False,9,5719.0
19172,Ø. Nyland,1090,Norway,Goalkeeper,35,1,True,True,False,False,5,1410.0
19182,A. Tuanzebe,1508,Congo DR,Defender,28,4,True,True,False,False,7,2207.0
19191,J.  McGinn,1108,Scotland,Midfielder,31,7,True,True,False,False,8,3656.0
19235,D. Spence,10,England,Defender,25,25,True,True,False,False,9,3627.0
19281,A. Semenyo,1504,Ghana,Midfielder,25,11,True,True,False,False,10,4485.0
19354,E. Konsa,10,England,Defender,28,2,True,True,False,False,8,5416.0
19366,O. Watkins,10,England,Midfielder,30,19,True,True,False,False,8,4241.0
19465,David Raya,9,Spain,Goalkeeper,30,1,True,True,False,False,6,4682.0
19524,C. Adams,1108,Scotland,Attacker,29,10,True,True,False,False,5,2515.0
19545,R. James,10,England,Defender,26,24,True,True,False,False,9,3675.0
19549,A. Robinson,2384,USA,Midfielder,28,5,True,True,False,False,6,2360.0
19586,E. Eze,10,England,Midfielder,27,21,True,True,False,False,9,3544.0
19599,E. Martínez,26,Argentina,Goalkeeper,33,23,True,True,False,False,8,6597.0
19614,S. Ezatolahi,22,Iran,Midfielder,29,6,True,True,False,False,5,2565.0
19617,M. Olise,2,France,Midfielder,24,11,True,True,False,False,9,5181.0
19720,T. Chalobah,10,England,Defender,26,12,True,True,False,False,7,4219.0
19974,I. Toney,10,England,Attacker,29,22,True,True,False,False,6,3612.0
19987,D. Hyam,1108,Scotland,Defender,30,16,True,True,False,False,6,4425.0
20079,H. Souttar,20,Australia,Defender,27,19,True,True,False,False,5,1737.0
20457,C. Burgess,20,Australia,Defender,30,21,True,True,False,False,7,6296.0
20566,Y. Diouf,13,Senegal,Goalkeeper,26,1,True,True,False,False,9,3784.0
20649,Y. Wissa,1508,Congo DR,Attacker,29,20,True,True,False,False,7,1426.0
20655,J. Duverne,2386,Haiti,Defender,28,22,True,True,False,False,7,2329.0
20665,J. Bellegarde,2386,Haiti,Midfielder,27,10,True,True,False,False,6,2346.0
20674,S. Banza,1508,Congo DR,Attacker,29,23,True,True,False,False,8,559.0
20696,P. Gueye,13,Senegal,Midfielder,26,26,True,True,False,False,8,3871.0
20836,C. Operi,1501,Ivory Coast,Defender,28,13,True,True,False,False,7,2466.0
20844,H. Hassan,32,Egypt,Midfielder,23,12,True,True,False,False,4,2318.0
20850,C. Arcus,2386,Haiti,Defender,29,2,True,True,False,False,7,3327.0
20869,S. Chergui,1532,Algeria,Defender,26,26,True,True,False,False,5,1234.0
20995,M. Lacroix,2,France,Defender,25,26,True,True,False,False,7,5216.0
21010,E. Owusu,1504,Ghana,Midfielder,28,15,True,True,False,False,4,2694.0
21098,J. Kayembe,1508,Congo DR,Defender,31,12,True,True,False,False,6,3210.0
21101,S. Moutoussamy,1508,Congo DR,Midfielder,29,8,True,True,False,False,8,3357.0
21138,R. Aït-Nouri,1532,Algeria,Defender,24,15,True,True,False,False,10,2887.0
21509,M. Thuram,2,France,Midfielder,28,9,True,True,False,False,8,3269.0
21587,E. Skhiri,28,Tunisia,Defender,30,17,True,True,False,False,7,2786.0
21613,L. Joseph,2386,Haiti,Attacker,25,16,True,True,False,False,5,1976.0
21628,B. Samba,2,France,Goalkeeper,31,1,True,True,False,False,4,3156.0
21996,A. Baba,1504,Ghana,Defender,31,17,True,True,False,False,4,2760.0
21997,Logan Costa,1533,Cape Verde Islands,Defender,24,5,True,True,False,False,3,561.0
22002,G. Konan,1501,Ivory Coast,Defender,30,3,True,True,False,False,5,3521.0
22090,W. Saliba,2,France,Defender,24,17,True,True,False,False,6,4779.0
22139,S. Moreira,1533,Cape Verde Islands,Defender,31,22,True,True,False,False,6,8049.0
22147,M. Koné,2,France,Midfielder,24,6,True,True,False,False,7,3182.0
22149,I. Sangaré,1501,Ivory Coast,Midfielder,28,18,True,True,False,False,7,3566.0
22221,M. Maignan,2,France,Goalkeeper,30,16,True,True,False,False,6,4748.0
22222,Z. Çelik,777,Türkiye,Defender,28,2,True,True,False,False,7,5541.0
22224,Gabriel Magalhães,6,Brazil,Defender,28,3,True,True,False,False,10,6241.0
22236,Rafael Leão,27,Portugal,Midfielder,26,17,True,True,False,False,5,2271.0
22265,Nuno da Costa,1533,Cape Verde Islands,Attacker,34,21,True,True,False,False,5,1340.0
24012,L. Mpasi,1508,Congo DR,Goalkeeper,31,1,True,True,False,False,5,1275.0
24245,G. Kalulu,1508,Congo DR,Defender,28,24,True,True,False,False,5,376.0
24807,S. Özcan,777,Türkiye,Midfielder,27,5,True,True,False,False,6,328.0
24810,J. Córdoba,8,Colombia,Attacker,32,9,True,True,False,False,7,3377.0
24845,J. Ryerson,1090,Norway,Defender,28,26,True,True,False,False,8,4416.0
24866,Douglas Santos,6,Brazil,Defender,31,16,True,True,False,False,5,2733.0
24888,Hwang Hee-Chan,17,South Korea,Attacker,29,11,True,True,False,False,7,2665.0
25129,D. Burnic,1113,Bosnia & Herzegovina,Midfielder,27,17,True,True,False,False,3,2366.0
25158,D. Raum,25,Germany,Midfielder,27,22,True,True,False,False,4,3178.0
25282,G. Kobel,15,Switzerland,Goalkeeper,28,1,True,True,False,False,8,6210.0
25287,K. Danso,775,Austria,Defender,27,3,True,True,False,False,7,2696.0
25297,M. Gregoritsch,775,Austria,Midfielder,31,11,True,True,False,False,5,1677.0
25300,R. Khedira,28,Tunisia,Midfielder,31,13,True,True,False,False,4,3368.0
25314,M. Friedl,775,Austria,Defender,27,23,True,True,False,False,4,2834.0
25341,D. Luckassen,1504,Ghana,Defender,30,23,True,True,False,False,7,3512.0
25348,V. Darida,770,Czech Republic,Midfielder,35,8,True,True,False,False,2,2830.0
25368,W. Anton,25,Germany,Defender,29,3,True,True,False,False,7,4910.0
25414,J. Yeboah,2382,Ecuador,Attacker,25,9,True,True,False,False,6,3950.0
25416,W. Weghorst,1118,Netherlands,Attacker,33,9,True,True,False,False,5,2332.0
25448,K. Ayhan,777,Türkiye,Defender,31,22,True,True,False,False,7,717.0
25458,D. Lukebakio,1,Belgium,Midfielder,28,14,True,True,False,False,6,1550.0
25915,P. Mwene,775,Austria,Defender,31,16,True,True,False,False,5,3100.0
25916,M. Niakhaté,13,Senegal,Defender,29,19,True,True,False,False,8,5020.0
25927,J. Mateta,2,France,Attacker,28,22,True,True,False,False,6,3481.0
26161,L. Rogerson,4673,New Zealand,Attacker,27,7,True,True,False,False,5,1449.0
26232,M. Flekken,1118,Netherlands,Goalkeeper,32,23,True,True,False,False,6,3263.0
26240,P. Lienhart,775,Austria,Defender,29,15,True,True,False,False,5,2789.0
26243,N. Schlotterbeck,25,Germany,Defender,26,15,True,True,False,False,6,3995.0
26300,O. Kabak,777,Türkiye,Defender,25,15,True,True,False,False,4,2023.0
26315,N. González,26,Argentina,Attacker,27,15,True,True,False,False,10,3465.0
26475,D. Undav,25,Germany,Attacker,29,26,True,True,False,False,6,3927.0
28382,H. Tabakovic,1113,Bosnia & Herzegovina,Attacker,31,23,True,True,False,False,4,2806.0
29704,S. Khalilzadeh,22,Iran,Defender,36,4,True,True,False,False,4,1850.0
29720,A. Alipour,22,Iran,Attacker,30,11,True,True,False,False,3,117.0
29755,H. Hosseini,22,Iran,Goalkeeper,33,22,True,True,False,False,5,540.0
29781,M. Ghaedi,22,Iran,Attacker,27,10,True,True,False,False,3,1475.0
29937,A. Hosseinzadeh,22,Iran,Attacker,25,18,True,True,False,False,6,2547.0
30393,A. Lafont,1501,Ivory Coast,Goalkeeper,26,23,True,True,False,False,6,3053.0
30424,Ibañez,6,Brazil,Defender,27,24,True,True,False,False,6,3602.0
30432,M. de Roon,1118,Netherlands,Midfielder,34,3,True,True,False,False,5,3953.0
30484,M. Svanberg,5,Sweden,Midfielder,26,19,True,True,False,False,5,1362.0
30497,Bremer,6,Brazil,Defender,28,14,True,True,False,False,8,2748.0
30504,W. Singo,1501,Ivory Coast,Defender,25,5,True,True,False,False,8,2053.0
30521,M. Demiral,777,Türkiye,Defender,27,3,True,True,False,False,8,2392.0
30776,C. Romero,26,Argentina,Defender,27,13,True,True,False,False,7,4796.0
30807,S. Fofana,1501,Ivory Coast,Midfielder,30,6,True,True,False,False,8,1947.0
30827,M. Erlic,3,Croatia,Defender,27,25,True,True,False,False,4,2260.0
32858,T. Watanabe,12,Japan,Defender,28,16,True,True,False,False,9,4127.0
32862,T. Kubo,12,Japan,Attacker,24,8,True,True,False,False,6,2833.0
32887,Y. Sugawara,12,Japan,Midfielder,25,2,True,True,False,False,7,3238.0
32893,H. Ito,12,Japan,Defender,26,21,True,True,False,False,8,4890.0
32954,S. Taniguchi,12,Japan,Defender,34,3,True,True,False,False,5,4218.0
32966,A. Tanaka,12,Japan,Midfielder,27,7,True,True,False,False,7,2987.0
33034,K. Osako,12,Japan,Goalkeeper,26,12,True,True,False,False,10,8902.0
33165,A. Seko,12,Japan,Defender,25,20,True,True,False,False,5,3442.0
33224,D. Maeda,12,Japan,Attacker,28,11,True,True,False,False,7,4394.0
33289,Koki Ogawa,12,Japan,Attacker,28,19,True,True,False,False,6,2004.0
33321,Keito Nakamura,12,Japan,Midfielder,25,13,True,True,False,False,6,3648.0
33847,J. Geria,20,Australia,Defender,32,6,True,True,False,False,6,2245.0
33889,K. Sano,12,Japan,Midfielder,25,24,True,True,False,False,7,5049.0
34121,R. Ashurmatov,1568,Uzbekistan,Defender,29,5,True,True,False,False,6,2334.0
34168,Kim Jin-Gyu,17,South Korea,Midfielder,28,24,True,True,False,False,8,2665.0
34211,Cho Gue-Sung,17,South Korea,Attacker,28,9,True,True,False,False,6,2327.0
34374,Song Bum-Keun,17,South Korea,Goalkeeper,28,12,True,True,False,False,7,2475.0
34418,Kim Tae-Hyeon,17,South Korea,Defender,25,5,True,True,False,False,8,4204.0
34431,Lee Dong-Gyeong,17,South Korea,Attacker,28,26,True,True,False,False,10,2714.0
34710,Oh Hyeon-Gyu,17,South Korea,Attacker,24,18,True,True,False,False,8,3676.0
35532,J. Quiñones,16,Mexico,Midfielder,28,16,True,True,False,False,5,3625.0
35533,E. Valencia,2382,Ecuador,Attacker,36,13,True,True,False,False,10,3881.0
35544,J. Vásquez,16,Mexico,Defender,27,5,True,True,False,False,6,4844.0
35570,S. Eustáquio,5529,Canada,Midfielder,29,7,True,True,False,False,10,2087.0
35576,O. Pineda,16,Mexico,Midfielder,29,17,True,True,False,False,6,4052.0
35690,L. Chávez,16,Mexico,Midfielder,29,24,True,True,False,False,5,428.0
35769,C. Acevedo,16,Mexico,Goalkeeper,29,12,True,True,False,False,5,3081.0
35808,G. Velázquez,2380,Paraguay,Defender,34,2,True,True,False,False,9,4610.0
35885,A. Zendejas,2384,USA,Attacker,28,26,True,True,False,False,10,3234.0
35970,L. Romo,16,Mexico,Midfielder,30,7,True,True,False,False,6,3586.0
36088,G. Martínez,16,Mexico,Attacker,30,22,True,True,False,False,6,2041.0
36111,C. Huerta,16,Mexico,Midfielder,25,21,True,True,False,False,6,918.0
36579,S. Rahimi,31,Morocco,Attacker,29,9,True,True,False,False,6,2185.0
36777,M. Woud,4673,New Zealand,Goalkeeper,26,22,True,True,False,False,4,2481.0
36842,G. Roemeratoe,5530,Curaçao,Midfielder,26,6,True,True,False,False,7,2769.0
36857,J. Gaari,5530,Curaçao,Defender,32,3,True,True,False,False,5,1282.0
36899,T. Koopmeiners,1118,Netherlands,Midfielder,27,20,True,True,False,False,7,3238.0
36902,T. Reijnders,1118,Netherlands,Midfielder,27,14,True,True,False,False,8,3807.0
36905,G. Til,1118,Netherlands,Midfielder,28,16,True,True,False,False,6,3050.0
36967,T. Doornbusch,5530,Curaçao,Goalkeeper,26,26,True,True,False,False,5,56.0
36970,S. Floranus,5530,Curaçao,Defender,27,5,True,True,False,False,7,4349.0
36980,M. Thorsby,1090,Norway,Midfielder,29,2,True,True,False,False,6,1602.0
37066,R. van Eijma,5530,Curaçao,Defender,27,4,True,True,False,False,8,2941.0
37127,M. Ødegaard,1090,Norway,Midfielder,27,10,True,True,False,False,9,2911.0
37143,L. Geertruida,1118,Netherlands,Defender,24,2,True,True,False,False,6,1993.0
37155,O. Kokçu,777,Türkiye,Midfielder,25,6,True,True,False,False,8,3582.0
37175,R. Bazoer,5530,Curaçao,Defender,29,23,True,True,False,False,5,1230.0
37272,B. Kuwas,5530,Curaçao,Attacker,33,17,True,True,False,False,6,2376.0
37435,Deroy Duarte,1533,Cape Verde Islands,Midfielder,26,14,True,True,False,False,5,3100.0
37436,L. Duarte,1533,Cape Verde Islands,Midfielder,28,15,True,True,False,False,4,4102.0
37461,K. Felida,5530,Curaçao,Midfielder,26,22,True,True,False,False,7,3449.0
37724,C. Summerville,1118,Netherlands,Attacker,24,24,True,True,False,False,6,3252.0
37892,D. Eckert Ayensa,22,Iran,Attacker,28,24,True,True,False,False,2,1987.0
38114,K. Itakura,12,Japan,Defender,28,4,True,True,False,False,7,3158.0
38123,A. Hrustic,20,Australia,Midfielder,29,10,True,True,False,False,6,3042.0
38695,J. van Hecke,1118,Netherlands,Defender,25,6,True,True,False,False,6,4093.0
38708,G. Kastaneer,5530,Curaçao,Attacker,29,19,True,True,False,False,4,311.0
38735,S. Dest,2384,USA,Attacker,25,2,True,True,False,False,6,3524.0
38747,Q. Timber,1118,Netherlands,Midfielder,24,26,True,True,False,False,10,3247.0
38750,B. Brobbey,1118,Netherlands,Attacker,23,19,True,True,False,False,7,2387.0
39043,F. Aursnes,1090,Norway,Defender,30,14,True,True,False,False,7,4870.0
39058,F. Bjørkan,1090,Norway,Defender,27,15,True,True,False,False,7,4308.0
39064,P. Berg,1090,Norway,Midfielder,28,6,True,True,False,False,7,5174.0
39073,J. Hauge,1090,Norway,Midfielder,26,23,True,True,False,False,7,4267.0
39082,E. Selvik,1090,Norway,Goalkeeper,28,13,True,True,False,False,7,3891.0
39143,K. Thorstvedt,1090,Norway,Midfielder,26,18,True,True,False,False,5,3787.0
39254,T. Heggem,1090,Norway,Defender,26,17,True,True,False,False,8,3666.0
39362,M. Pedersen,1090,Norway,Defender,25,16,True,True,False,False,5,2713.0
41112,Trincão,27,Portugal,Midfielder,26,16,True,True,False,False,5,4291.0
41552,P. Ciss,13,Senegal,Defender,31,6,True,True,False,False,7,3321.0
41585,Gonçalo Ramos,27,Portugal,Attacker,24,9,True,True,False,False,8,1906.0
41608,Diney Borges,1533,Cape Verde Islands,Defender,30,3,True,True,False,False,3,1740.0
41621,Matheus Nunes,27,Portugal,Midfielder,27,6,True,True,False,False,8,4364.0
41627,K. Gorré,5530,Curaçao,Attacker,31,14,True,True,False,False,6,2007.0
41764,Márcio Rosa,1533,Cape Verde Islands,Goalkeeper,28,12,True,True,False,False,3,1170.0
42012,E. Achouri,28,Tunisia,Midfielder,26,7,True,True,False,False,6,2586.0
42021,Meshaal Barsham,1569,Qatar,Goalkeeper,27,22,True,True,False,False,7,3149.0
42060,Sultan Al Braik,1569,Qatar,Defender,29,18,True,True,False,False,6,1728.0
42075,Edmilson Junior,1569,Qatar,Attacker,31,8,True,True,False,False,6,2489.0
42089,Mohammed Muntari,1569,Qatar,Attacker,32,9,True,True,False,False,6,377.0
42207,Mahmud Abunada,1569,Qatar,Goalkeeper,25,1,True,True,False,False,5,1665.0
42261,Rebin Solaka,1567,Iraq,Defender,33,2,True,True,False,False,5,1886.0
42286,Ahmed Al Ganehi,1569,Qatar,Attacker,25,17,True,True,False,False,6,1262.0
42288,Lucas Mendes,1569,Qatar,Defender,35,3,True,True,False,False,5,2005.0
42315,M. Taremi,22,Iran,Attacker,33,9,True,True,False,False,10,2944.0
44315,Abdullah Al Khaibari,23,Saudi Arabia,Midfielder,29,15,True,True,False,False,8,3489.0
44324,Feras Al Brikan,23,Saudi Arabia,Attacker,25,9,True,True,False,False,8,4130.0
44335,Hassan Kadesh,23,Saudi Arabia,Defender,33,14,True,True,False,False,7,3617.0
44339,Nasser Al Dawsari,23,Saudi Arabia,Midfielder,27,6,True,True,False,False,8,3505.0
44340,Salem Al Dawsari,23,Saudi Arabia,Midfielder,34,10,True,True,False,False,8,4080.0
44349,Mohamed Kanno,23,Saudi Arabia,Attacker,31,23,True,True,False,False,8,4754.0
44362,Hassan Tambakti,23,Saudi Arabia,Defender,26,5,True,True,False,False,8,5068.0
44367,Ali Majrashi,23,Saudi Arabia,Defender,26,2,True,True,False,False,8,3223.0
44382,Abdullah Al Hamdan,23,Saudi Arabia,Attacker,26,19,True,True,False,False,10,1611.0
44411,Mohammed Al Owais,23,Saudi Arabia,Goalkeeper,34,21,True,True,False,False,4,1213.0
44449,Ahmed Al Kassar,23,Saudi Arabia,Goalkeeper,34,22,True,True,False,False,6,620.0
44475,Abdulelah Al Amri,23,Saudi Arabia,Defender,28,4,True,True,False,False,8,3149.0
44507,Ali Lajami,23,Saudi Arabia,Defender,29,3,True,True,False,False,7,2139.0
44551,Saleh Al Shehri,23,Saudi Arabia,Attacker,32,11,True,True,False,False,7,1179.0
44594,Saud Abdulhamid,23,Saudi Arabia,Defender,26,12,True,True,False,False,9,6126.0
44612,Garry Rodrigues,1533,Cape Verde Islands,Midfielder,35,11,True,True,False,False,4,872.0
44701,Khalid Al Ghannam,23,Saudi Arabia,Attacker,25,17,True,True,False,False,5,2285.0
44791,A. Tshibola,1508,Congo DR,Midfielder,30,15,True,True,False,False,4,1276.0
44798,L. Millar,5529,Canada,Midfielder,26,11,True,True,False,False,5,2481.0
44811,S. McKenna,1108,Scotland,Defender,29,26,True,True,False,False,5,3887.0
44814,L. Ferguson,1108,Scotland,Midfielder,26,19,True,True,False,False,7,3602.0
44865,J. Souttar,1108,Scotland,Defender,29,15,True,True,False,False,7,3879.0
44871,A. Hickey,1108,Scotland,Defender,23,2,True,True,False,False,5,1241.0
44937,L. Kelly,1108,Scotland,Goalkeeper,29,12,True,True,False,False,6,58.0
45020,D. Nazon,2386,Haiti,Attacker,31,9,True,True,False,False,9,1807.0
45078,R. Stewart,1108,Scotland,Attacker,29,14,True,True,False,False,5,1388.0
45175,L. Shankland,1108,Scotland,Attacker,30,20,True,True,False,False,4,5844.0
45307,L. Dykes,1108,Scotland,Attacker,30,9,True,True,False,False,6,2550.0
46245,R. Goss,1531,South Africa,Goalkeeper,31,22,True,True,False,False,5,2718.0
46334,A. Modiba,1531,South Africa,Defender,30,6,True,True,False,False,7,3891.0
46417,S. Chaine,1531,South Africa,Goalkeeper,29,16,True,True,False,False,6,2954.0
46458,N. Sibisi,1531,South Africa,Defender,30,19,True,True,False,False,6,2778.0
46601,K. Mudau,1531,South Africa,Defender,30,20,True,True,False,False,7,4137.0
46672,Rui Silva,27,Portugal,Goalkeeper,31,22,True,True,False,False,5,4350.0
46731,P. Estupiñán,2382,Ecuador,Midfielder,27,7,True,True,False,False,8,3104.0
46746,A. Budimir,3,Croatia,Attacker,34,11,True,True,False,False,4,3222.0
46855,Y. Bárcenas,11,Panama,Midfielder,32,11,True,True,False,False,4,3107.0
46930,E. Demirovic,1113,Bosnia & Herzegovina,Attacker,27,10,True,True,False,False,7,3206.0
47237,L. Suárez,8,Colombia,Attacker,28,25,True,True,False,False,7,4787.0
47254,M. Olivera,7,Uruguay,Defender,28,16,True,True,False,False,8,3348.0
47270,Unai Simón,9,Spain,Goalkeeper,28,23,True,True,False,False,8,5040.0
47294,I. Williams,1504,Ghana,Midfielder,31,19,True,True,False,False,9,3986.0
47296,G. Rulli,26,Argentina,Goalkeeper,33,12,True,True,False,False,8,3888.0
47300,T. Hernández,2,France,Defender,28,19,True,True,False,False,4,3893.0
47311,Mikel Merino,9,Spain,Midfielder,29,6,True,True,False,False,8,2283.0
47315,Martín Zubimendi,9,Spain,Midfielder,26,18,True,True,False,False,8,4491.0
47323,Mikel Oyarzabal,9,Spain,Attacker,28,21,True,True,False,False,4,3787.0
47348,Borja Iglesias,9,Spain,Attacker,32,26,True,True,False,False,5,2791.0
47380,Marc Cucurella,9,Spain,Defender,27,24,True,True,False,False,8,5744.0
47519,Pedro Porro,9,Spain,Defender,26,12,True,True,False,False,7,4549.0
47545,G. Kakuta,1508,Congo DR,Attacker,34,11,True,True,False,False,5,2254.0
47582,C. Hernández,8,Colombia,Attacker,26,19,True,True,False,False,8,3364.0
47696,A. Bernhardsson,5,Sweden,Midfielder,27,21,True,True,False,False,5,1950.0
47792,Amir Al Ammari,1567,Iraq,Midfielder,28,16,True,True,False,False,5,4901.0
47903,H. Ekdal,5,Sweden,Defender,27,14,True,True,False,False,5,1958.0
47969,G. Gudmundsson,5,Sweden,Midfielder,26,5,True,True,False,False,7,3633.0
47988,C. Starfelt,5,Sweden,Defender,30,15,True,True,False,False,6,2528.0
48002,B. Nygren,5,Sweden,Midfielder,24,10,True,True,False,False,9,4842.0
48025,Kevin Yakob,1567,Iraq,Midfielder,25,19,True,True,False,False,6,4767.0
48033,J. Widell Zetterström,5,Sweden,Goalkeeper,27,1,True,True,False,False,6,4320.0
48047,J. Karlström,5,Sweden,Midfielder,30,16,True,True,False,False,5,3662.0
48119,O. Kossounou,1501,Ivory Coast,Defender,24,7,True,True,False,False,7,2714.0
48129,A. Sher,1567,Iraq,Midfielder,23,20,True,True,False,False,7,2989.0
48372,E. Cömert,15,Switzerland,Defender,27,18,True,True,False,False,5,1855.0
48378,S. Widmer,15,Switzerland,Defender,32,3,True,True,False,False,6,3002.0
48389,N. Okafor,15,Switzerland,Attacker,25,19,True,True,False,False,8,2123.0
48471,R. Vargas,15,Switzerland,Attacker,27,17,True,True,False,False,4,2173.0
48489,M. Muheim,15,Switzerland,Defender,27,2,True,True,False,False,5,2982.0
48497,C. Itten,15,Switzerland,Attacker,29,26,True,True,False,False,5,3358.0
48501,T. Fayulu,1508,Congo DR,Goalkeeper,26,16,True,True,False,False,6,450.0
48535,Y. Fortuné,2386,Haiti,Attacker,26,19,True,True,False,False,4,476.0
48555,C. Pickel,1508,Congo DR,Midfielder,28,18,True,True,False,False,8,963.0
48648,D. Ndoye,15,Switzerland,Midfielder,25,11,True,True,False,False,8,2932.0
49423,S. Ben Hsan,28,Tunisia,Goalkeeper,29,22,True,True,False,False,3,0.0
49424,A. Dahmen,28,Tunisia,Goalkeeper,28,16,True,True,False,False,4,762.0
49451,Aymen Hussein,1567,Iraq,Attacker,29,18,True,True,False,False,4,1429.0
49469,M. Ben Ouanes,28,Tunisia,Midfielder,31,12,True,True,False,False,5,2335.0
49583,A. Abdi,28,Tunisia,Midfielder,32,2,True,True,False,False,7,2579.0
49837,M. Günok,777,Türkiye,Goalkeeper,36,1,True,True,False,False,10,1831.0
49857,I. Kahveci,777,Türkiye,Midfielder,30,17,True,True,False,False,8,1941.0
49866,U. Çakir,777,Türkiye,Goalkeeper,29,23,True,True,False,False,8,4418.0
50006,A. Hadziahmetovic,1113,Bosnia & Herzegovina,Midfielder,28,16,True,True,False,False,7,2395.0
50030,M. Talbi,28,Tunisia,Defender,27,3,True,True,False,False,6,3638.0
50042,M. Saâdane,31,Morocco,Defender,29,5,True,True,False,False,5,2560.0
50057,E. Elmali,777,Türkiye,Midfielder,25,13,True,True,False,False,8,2268.0
50077,S. Rochet,7,Uruguay,Goalkeeper,32,1,True,True,False,False,11,3849.0
50132,A. Bayindir,777,Türkiye,Goalkeeper,27,12,True,True,False,False,8,873.0
50270,Ryan Mendes,1533,Cape Verde Islands,Midfielder,36,20,True,True,False,False,6,3983.0
50272,O. Shukurov,1568,Uzbekistan,Midfielder,29,7,True,True,False,False,7,2075.0
50728,M. Freese,2384,USA,Goalkeeper,27,24,True,True,False,False,8,6119.0
50735,M. McKenzie,2384,USA,Defender,26,22,True,True,False,False,6,3388.0
50737,A. Trusty,2384,USA,Defender,27,6,True,True,False,False,8,5736.0
50739,B. Aaronson,2384,USA,Attacker,25,11,True,True,False,False,7,3160.0
50745,Jamiro Monteiro,1533,Cape Verde Islands,Midfielder,32,10,True,True,False,False,4,1738.0
50788,M. Choinière,5529,Canada,Midfielder,26,6,True,True,False,False,8,2630.0
50816,R. Laryea,5529,Canada,Defender,30,22,True,True,False,False,7,3421.0
50817,J. Osorio,5529,Canada,Midfielder,33,21,True,True,False,False,7,3453.0
50826,J. Shaffelburg,5529,Canada,Midfielder,26,14,True,True,False,False,7,2128.0
50852,J. Scally,2384,USA,Defender,23,23,True,True,False,False,5,3032.0
50879,M. Robinson,2384,USA,Defender,28,12,True,True,False,False,11,6053.0
50958,D. Etienne,2386,Haiti,Attacker,29,7,True,True,False,False,7,1887.0
50999,M. Turner,2384,USA,Goalkeeper,31,1,True,True,False,False,5,2487.0
51016,T. Buchanan,5529,Canada,Midfielder,26,17,True,True,False,False,7,3446.0
51114,C. Roldan,2384,USA,Midfielder,30,15,True,True,False,False,9,5309.0
51148,D. St. Clair,5529,Canada,Goalkeeper,28,1,True,True,False,False,9,5283.0
51149,M. Boxall,4673,New Zealand,Defender,37,5,True,True,False,False,8,4489.0
51274,M. Crépeau,5529,Canada,Goalkeeper,31,16,True,True,False,False,8,4386.0
51295,D. Cornelius,5529,Canada,Defender,28,13,True,True,False,False,8,2595.0
51307,T. Smith,4673,New Zealand,Defender,35,26,True,True,False,False,5,22.0
51466,J. Piquerez,7,Uruguay,Attacker,27,22,True,True,False,False,12,6038.0
51494,M. Ugarte,7,Uruguay,Midfielder,24,5,True,True,False,False,9,3203.0
51530,F. Viñas,7,Uruguay,Midfielder,27,21,True,True,False,False,6,3062.0
51535,S. Cáceres,7,Uruguay,Defender,26,3,True,True,False,False,10,4771.0
51572,M. Viña,7,Uruguay,Defender,28,17,True,True,False,False,12,1680.0
51603,A. Canobbio,7,Uruguay,Midfielder,27,14,True,True,False,False,13,6333.0
51617,D. Núñez,7,Uruguay,Attacker,26,9,True,True,False,False,6,2781.0
51618,B. Rodríguez,7,Uruguay,Attacker,25,18,True,True,False,False,11,3985.0
51648,C. Waterman,11,Panama,Attacker,34,18,True,True,False,False,8,7583.0
51733,G. Olveira,2380,Paraguay,Goalkeeper,32,22,True,True,False,False,6,3036.0
51776,M. Araújo,7,Uruguay,Midfielder,25,20,True,True,False,False,7,5194.0
53517,D. Hadzikadunic,1113,Bosnia & Herzegovina,Defender,27,3,True,True,False,False,2,2247.0
53535,E. Shomurodov,1568,Uzbekistan,Attacker,30,14,True,True,False,False,8,4520.0
53834,D. Khamdamov,1568,Uzbekistan,Midfielder,29,17,True,True,False,False,4,488.0
53835,O. Hamrobekov,1568,Uzbekistan,Midfielder,29,9,True,True,False,False,7,2397.0
53886,Jalal Hassan Hachim,1567,Iraq,Goalkeeper,34,12,True,True,False,False,4,1834.0
53894,Meme,1567,Iraq,Attacker,25,10,True,True,False,False,4,310.0
53900,Yazan Al Arab,1548,Jordan,Defender,29,5,True,True,False,False,9,4090.0
53902,Ehsan Haddad,1548,Jordan,Defender,31,23,False,True,False,False,3,1168.0
57518,S. Tounekti,28,Tunisia,Attacker,23,26,True,True,False,False,9,5700.0
57667,J. Ramos,11,Panama,Defender,28,13,True,True,False,False,7,2049.0
57739,J. Córdoba,11,Panama,Defender,24,3,True,True,False,False,7,3236.0
57803,J. Gutiérrez,11,Panama,Defender,27,26,True,True,False,False,8,2755.0
57807,A. Carrasquilla,11,Panama,Midfielder,27,8,True,True,False,False,9,5388.0
57861,C. Samudio,11,Panama,Goalkeeper,31,12,True,True,False,False,5,90.0
57875,C. Yanis,11,Panama,Midfielder,29,21,True,True,False,False,9,3133.0
57910,T. Rodríguez,11,Panama,Attacker,26,9,True,True,False,False,6,631.0
61837,A. Bardakci,777,Türkiye,Defender,31,14,True,True,False,False,8,4365.0
61895,S. Mele,7,Uruguay,Goalkeeper,28,12,True,True,False,False,9,3889.0
62490,S. Akaydin,777,Türkiye,Defender,31,25,True,True,False,False,5,2617.0
63274,B. Yilmaz,777,Türkiye,Midfielder,25,21,True,True,False,False,9,3781.0
63964,F. Torres,2382,Ecuador,Defender,28,2,True,True,False,False,12,3994.0
64190,Y. Fofana,1501,Ivory Coast,Goalkeeper,25,1,True,True,False,False,6,3330.0
64268,J. Mojica,8,Colombia,Defender,33,17,True,True,False,False,5,4230.0
65571,A. Ulmasaliev,1568,Uzbekistan,Defender,26,25,True,True,False,False,4,1285.0
65576,J. Iskanderov,1568,Uzbekistan,Midfielder,32,8,True,True,False,False,7,813.0
65584,A. Amonov,1568,Uzbekistan,Attacker,28,20,True,True,False,False,5,461.0
66019,A. Hlozek,770,Czech Republic,Attacker,23,9,True,True,False,False,4,748.0
66055,P. Musa,3,Croatia,Attacker,27,26,True,True,False,False,5,4240.0
66214,D. Doudera,770,Czech Republic,Midfielder,27,21,True,True,False,False,4,2109.0
66275,M. Chytil,770,Czech Republic,Attacker,26,13,True,True,False,False,4,1677.0
66340,J. Kuchta,770,Czech Republic,Attacker,28,11,True,True,False,False,4,2131.0
66347,J. Stanek,770,Czech Republic,Goalkeeper,29,16,True,True,False,False,4,2250.0
66353,L. Provod,770,Czech Republic,Attacker,29,17,True,True,False,False,4,3302.0
66387,P. Sulc,770,Czech Republic,Attacker,25,15,True,True,False,False,8,2814.0
66407,L. Krejcí,770,Czech Republic,Defender,26,7,True,True,False,False,6,3756.0
67195,H. Mahmoud,28,Tunisia,Midfielder,25,15,True,True,False,False,7,2395.0
67971,M. Guéhi,10,England,Defender,25,6,True,True,False,False,11,5364.0
69196,Mahmoud Saber,32,Egypt,Midfielder,24,21,True,True,False,False,5,2062.0
69260,Pico,1533,Cape Verde Islands,Defender,33,4,True,True,False,False,7,5703.0
70078,F. Pellistri,7,Uruguay,Midfielder,24,11,True,True,False,False,6,2011.0
70514,A. Gigovic,1113,Bosnia & Herzegovina,Midfielder,23,8,True,True,False,False,7,3117.0
70535,Ibrahim Adel,32,Egypt,Attacker,24,20,True,True,False,False,5,1016.0
70670,I. Pitta,2380,Paraguay,Attacker,26,25,True,True,False,False,10,3940.0
70732,J. Canale,2380,Paraguay,Defender,29,13,True,True,False,False,6,3494.0
70747,J. Enciso,2380,Paraguay,Attacker,21,19,True,True,False,False,7,4379.0
70767,B. Ojeda,2380,Paraguay,Midfielder,25,20,True,True,False,False,8,4081.0
70852,O. Gill,2380,Paraguay,Goalkeeper,25,12,True,True,False,False,8,6090.0
71230,C. Harvey,11,Panama,Midfielder,25,14,True,True,False,False,8,2955.0
72120,B. Ergashev,1568,Uzbekistan,Goalkeeper,30,16,True,True,False,False,6,584.0
72122,K. Alijonov,1568,Uzbekistan,Midfielder,28,3,True,True,False,False,5,1873.0
72127,O. Orunov,1568,Uzbekistan,Midfielder,25,11,True,True,False,False,5,419.0
72128,I. Sergeev,1568,Uzbekistan,Attacker,32,21,True,True,False,False,6,1025.0
72140,Saleem Obaid,1548,Jordan,Defender,33,17,True,True,False,False,5,412.0
72142,Mohammed Abu Zurayq,1548,Jordan,Attacker,28,7,True,True,False,False,4,50.0
72155,A. Ueda,12,Japan,Attacker,27,18,True,True,False,False,9,4739.0
73418,A. Abdullaev,1568,Uzbekistan,Defender,28,18,True,True,False,False,6,1680.0
73507,A. Nematov,1568,Uzbekistan,Goalkeeper,24,12,True,True,False,False,7,1890.0
73510,U. Eshmurodov,1568,Uzbekistan,Defender,33,15,True,True,False,False,7,1930.0
73514,S. Nasrullayev,1568,Uzbekistan,Midfielder,27,13,True,True,False,False,7,1915.0
73520,A. Ganiyev,1568,Uzbekistan,Attacker,27,19,True,True,False,False,5,1142.0
73522,A. Mozgovoy,1568,Uzbekistan,Midfielder,26,6,True,True,False,False,7,1839.0
73534,U. Yusupov,1568,Uzbekistan,Goalkeeper,34,1,True,True,False,False,4,1080.0
73868,R. Pepi,2384,USA,Attacker,22,9,True,True,False,False,7,2082.0
76867,N. Mujakic,1113,Bosnia & Herzegovina,Defender,27,2,True,True,False,False,4,2210.0
77037,J. Lukic,1113,Bosnia & Herzegovina,Attacker,27,25,True,True,False,False,2,2578.0
78494,J. Waterman,5529,Canada,Defender,29,5,True,True,False,False,9,3791.0
78547,A. Johnston,5529,Canada,Defender,27,2,True,True,False,False,7,2330.0
81224,M. Ramírez,2382,Ecuador,Goalkeeper,25,12,True,True,False,False,8,3294.0
81573,Omar Marmoush,32,Egypt,Midfielder,26,22,True,True,False,False,9,2892.0
81659,R. Miller,11,Panama,Defender,33,25,False,True,False,False,3,168.0
82090,B. Thomas-Asante,1504,Ghana,Attacker,27,10,True,True,False,False,5,2190.0
84087,W. Isidor,2386,Haiti,Attacker,25,18,True,True,False,False,5,1613.0
85041,A. Gouiri,1532,Algeria,Attacker,25,9,True,True,False,False,8,2187.0
87789,J. Placide,2386,Haiti,Goalkeeper,38,1,True,True,False,False,5,3224.0
89982,S. Moghanlou,22,Iran,Attacker,31,20,True,True,False,False,3,1308.0
92993,M. Wieffer,1118,Netherlands,Defender,26,12,True,True,False,False,5,2015.0
94322,C. McCowatt,4673,New Zealand,Midfielder,26,20,True,True,False,False,6,3437.0
94333,E. Just,4673,New Zealand,Midfielder,25,11,True,True,False,False,6,3968.0
94344,N. Pijnaker,4673,New Zealand,Defender,26,15,True,True,False,False,6,3483.0
94346,T. Payne,4673,New Zealand,Defender,31,2,True,True,False,False,7,1698.0
94360,A. Paulsen,4673,New Zealand,Goalkeeper,23,12,True,True,False,False,5,2441.0
94405,F. de Vries,4673,New Zealand,Defender,31,3,True,True,False,False,6,2698.0
94541,J. Bell,4673,New Zealand,Midfielder,26,6,True,True,False,False,8,4331.0
94562,S. Giménez,16,Mexico,Attacker,24,11,True,True,False,False,7,1609.0
95460,A. Arce,2380,Paraguay,Attacker,30,18,True,True,False,False,9,3335.0
96512,Kevin Pina,1533,Cape Verde Islands,Midfielder,28,6,True,True,False,False,5,2730.0
96615,I. Díaz,11,Panama,Attacker,28,10,True,True,False,False,9,4829.0
98936,L. Foster,1531,South Africa,Attacker,25,9,True,True,False,False,6,2088.0
99211,Park Jin-Seop,17,South Korea,Midfielder,30,16,True,True,False,False,8,3210.0
101814,R. Araújo,7,Uruguay,Defender,26,4,True,True,False,False,8,2593.0
102505,D. Lacroix,2386,Haiti,Defender,32,13,True,True,False,False,7,1373.0
102538,M. Abualnadi,1548,Jordan,Defender,24,16,True,True,False,False,5,1108.0
104242,Rajaei Ayed,1548,Jordan,Midfielder,32,14,True,True,False,False,5,394.0
106485,Maurício,2380,Paraguay,Midfielder,24,11,True,True,False,False,12,4982.0
106851,S. Machino,12,Japan,Attacker,26,6,True,True,False,False,6,1439.0
108370,M. Zlomislic,1113,Bosnia & Herzegovina,Goalkeeper,27,22,True,True,False,False,4,3884.0
108563,R. Zalazar,7,Uruguay,Midfielder,26,26,True,True,False,False,5,2892.0
113580,Willy Semedo,1533,Cape Verde Islands,Midfielder,31,17,True,True,False,False,4,2135.0
116117,M. Caicedo,2382,Ecuador,Midfielder,24,23,True,True,False,False,10,7234.0
119128,G. Caballero,2380,Paraguay,Midfielder,24,24,True,True,False,False,8,2877.0
119853,M. Diaw,13,Senegal,Goalkeeper,32,23,True,True,False,False,5,3076.0
123468,M. Keller,15,Switzerland,Goalkeeper,23,21,True,True,False,False,6,4633.0
123469,Z. Amdouni,15,Switzerland,Attacker,25,23,True,True,False,False,5,305.0
123530,Mahmoud Al Mardi,1548,Jordan,Attacker,32,13,True,True,False,False,6,1107.0
123742,J. Duverger,2386,Haiti,Goalkeeper,23,23,False,True,False,False,3,35.0
123802,Fahad Talib,1567,Iraq,Goalkeeper,31,1,False,True,False,False,3,0.0
125171,J. Stanisic,3,Croatia,Midfielder,25,2,True,True,False,False,6,3659.0
126640,D. Affengruber,775,Austria,Defender,24,2,True,True,False,False,5,3065.0
126642,P. Wimmer,775,Austria,Midfielder,24,21,True,True,False,False,6,2105.0
126949,C. Richards,2384,USA,Defender,25,3,True,True,False,False,9,5227.0
127227,I. Reyes,16,Mexico,Defender,25,15,True,True,False,False,11,5036.0
127429,I. Rayners,1531,South Africa,Attacker,30,15,True,True,False,False,6,3838.0
127769,Gabriel Martinelli,6,Brazil,Midfielder,24,22,True,True,False,False,10,3133.0
127817,P. Hincapié,2382,Ecuador,Midfielder,23,3,True,True,False,False,11,4703.0
128007,Yannick Semedo,1533,Cape Verde Islands,Midfielder,30,16,True,True,False,False,4,1059.0
128384,Vitinha,27,Portugal,Midfielder,25,23,True,True,False,False,9,5026.0
128533,J. Leweling,25,Germany,Attacker,24,9,True,True,False,False,8,3606.0
128766,L. Deedson,2386,Haiti,Midfielder,24,11,True,True,False,False,8,2887.0
128772,D. Zima,770,Czech Republic,Defender,25,2,True,True,False,False,4,2525.0
128793,D. Jurásek,770,Czech Republic,Defender,25,14,True,True,False,False,9,2285.0
129033,J. Gvardiol,3,Croatia,Defender,23,4,True,True,False,False,6,2242.0
129047,R. Zerrouki,1532,Algeria,Midfielder,27,6,True,True,False,False,8,3766.0
129058,B. Verbruggen,1118,Netherlands,Goalkeeper,23,1,True,True,False,False,5,4015.0
129670,N. Mbuku,1508,Congo DR,Midfielder,23,7,True,True,False,False,6,2710.0
129678,A. Ounahi,31,Morocco,Midfielder,25,8,True,True,False,False,5,2956.0
129718,J. Bellingham,10,England,Midfielder,22,10,True,True,False,False,8,3917.0
133609,Pedri,9,Spain,Midfielder,23,20,True,True,False,False,7,3719.0
134217,M. Mohebi,22,Iran,Midfielder,27,8,True,True,False,False,3,2269.0
134590,O. Aydin,777,Türkiye,Attacker,25,24,True,True,False,False,10,1324.0
134995,Nawaf Boushal,23,Saudi Arabia,Defender,26,13,True,True,False,False,8,3958.0
135059,A. Ben Hmida,28,Tunisia,Defender,30,21,True,True,False,False,3,1169.0
135068,E. Agbadou,1501,Ivory Coast,Defender,28,20,True,True,False,False,8,3317.0
135334,S. Bueno,7,Uruguay,Defender,27,24,True,True,False,False,7,3480.0
136503,Salah Zakaria,1569,Qatar,Goalkeeper,26,21,True,True,False,False,6,1405.0
136723,N. Madueke,10,England,Midfielder,23,20,True,True,False,False,11,3739.0
136880,Saleh Hardani,22,Iran,Defender,27,2,True,True,False,False,3,1078.0
137210,A. Stiller,25,Germany,Midfielder,24,16,True,True,False,False,8,4518.0
137223,J. Opoku,1504,Ghana,Defender,27,18,True,True,False,False,6,3330.0
137303,E. Guessand,1501,Ivory Coast,Attacker,24,22,True,True,False,False,9,2285.0
137721,G. Lagerbielke,5,Sweden,Defender,25,2,True,True,False,False,5,4070.0
137976,I. Hien,5,Sweden,Defender,26,4,True,True,False,False,7,3626.0
138417,N. Patterson,1108,Scotland,Defender,24,22,True,True,False,False,8,845.0
138787,A. Gordon,10,England,Midfielder,24,18,True,True,False,False,9,3716.0
138804,M. Kovár,770,Czech Republic,Goalkeeper,25,1,True,True,False,False,8,4275.0
138835,F. Balogun,2384,USA,Attacker,24,20,True,True,False,False,8,4089.0
138908,E. Anderson,10,England,Midfielder,23,8,True,True,False,False,8,5633.0
138935,C. Chukwuemeka,775,Austria,Midfielder,22,17,True,True,False,False,6,1440.0
140607,Yazid Abu Layla,1548,Jordan,Goalkeeper,32,1,True,True,False,False,5,1639.0
140609,Noor Al Rawabdeh,1548,Jordan,Midfielder,28,8,True,True,False,False,5,1279.0
140747,Ibraheem Bayesh,1567,Iraq,Midfielder,25,8,True,True,False,False,6,5218.0
142016,João Paulo,1533,Cape Verde Islands,Defender,27,8,True,True,False,False,4,2909.0
142959,K. Aktürkoglu,777,Türkiye,Attacker,27,7,True,True,False,False,12,3657.0
144709,J. Anang,1504,Ghana,Goalkeeper,25,12,True,True,False,False,6,5179.0
145465,Hussein Ali,1567,Iraq,Defender,23,3,True,True,False,False,4,1618.0
146772,Y. Belammari,31,Morocco,Defender,27,19,True,True,False,False,6,1265.0
147812,Ayman Yahya,23,Saudi Arabia,Midfielder,24,8,True,True,False,False,7,2331.0
147859,C. De Ketelaere,1,Belgium,Attacker,24,17,True,True,False,False,6,3617.0
152849,M. van de Ven,1118,Netherlands,Midfielder,24,15,True,True,False,False,9,4584.0
153083,E. Martínez,7,Uruguay,Midfielder,26,15,True,True,False,False,14,4047.0
153430,A. Elanga,5,Sweden,Midfielder,23,11,True,True,False,False,8,2679.0
153622,K. Trewin,20,Australia,Defender,24,15,True,True,False,False,8,3240.0
156477,R. Cherki,2,France,Midfielder,22,24,True,True,False,False,9,3689.0
157997,A. Diallo,1501,Ivory Coast,Midfielder,23,15,True,True,False,False,6,3055.0
158054,N. Woltemade,25,Germany,Attacker,23,11,True,True,False,False,12,4346.0
158121,I. Jakobs,13,Senegal,Midfielder,26,14,True,True,False,False,7,2783.0
158433,S. Sithole,1531,South Africa,Midfielder,26,13,True,True,False,False,5,2274.0
158644,M. Beier,25,Germany,Attacker,23,14,True,True,False,False,8,3341.0
158688,J. Randall,4673,New Zealand,Attacker,23,21,True,True,False,False,6,2621.0
158698,J. Quansah,10,England,Defender,22,26,True,True,False,False,9,4935.0
158700,V. Johansson,5,Sweden,Goalkeeper,27,12,True,True,False,False,5,2970.0
160925,T. Ali,5,Sweden,Midfielder,27,26,True,True,False,False,6,2262.0
161504,H. Johansson,5,Sweden,Defender,28,6,True,True,False,False,4,3358.0
161585,Francisco Conceição,27,Portugal,Midfielder,23,26,True,True,False,False,6,3227.0
161747,G. Doué,1501,Ivory Coast,Defender,23,17,True,True,False,False,7,3667.0
161884,S. Hansen,5530,Curaçao,Attacker,23,12,True,True,False,False,7,962.0
161897,I. Saibari,31,Morocco,Attacker,24,11,True,True,False,False,8,4422.0
161904,B. Barcola,2,France,Midfielder,23,12,True,True,False,False,10,3814.0
161907,M. Gusto,2,France,Defender,22,2,True,True,False,False,9,4683.0
161921,G. Reyna,2384,USA,Midfielder,23,7,True,True,False,False,7,935.0
161939,Tomás Araújo,27,Portugal,Defender,23,4,True,True,False,False,6,3479.0
162007,M. De Cuyper,1,Belgium,Defender,25,5,True,True,False,False,6,2175.0
162037,M. Tillman,2384,USA,Midfielder,23,17,True,True,False,False,8,3771.0
162141,K. De Winter,1,Belgium,Defender,23,16,True,True,False,False,6,2537.0
162194,L. Cerv,770,Czech Republic,Midfielder,24,12,True,True,False,False,6,3966.0
162199,A. Martha,5530,Curaçao,Midfielder,22,15,True,True,False,False,8,2997.0
162222,I. Basic,1113,Bosnia & Herzegovina,Midfielder,23,13,True,True,False,False,5,808.0
162414,A. Amenda,15,Switzerland,Defender,22,24,True,True,False,False,7,2926.0
162451,A. Salah-Eddine,31,Morocco,Defender,24,26,True,True,False,False,12,2266.0
162489,J. Trafford,10,England,Goalkeeper,23,23,True,True,False,False,8,2397.0
162511,S. Lammens,1,Belgium,Goalkeeper,23,12,True,True,False,False,6,3799.0
162707,E. Wahi,1501,Ivory Coast,Attacker,22,12,True,True,False,False,8,2231.0
162714,A. Onana,1,Belgium,Midfielder,24,24,True,True,False,False,6,3059.0
162733,R. Providence,2386,Haiti,Midfielder,24,15,True,True,False,False,8,3201.0
162891,J. Sanabria,7,Uruguay,Defender,25,25,True,True,False,False,7,3122.0
162964,R. Hranác,770,Czech Republic,Defender,25,4,True,True,False,False,5,2783.0
163032,F. Rieder,15,Switzerland,Midfielder,23,22,True,True,False,False,8,3577.0
163041,B. Cross,1531,South Africa,Defender,24,26,True,True,False,False,4,1873.0
163068,O. Rekik,28,Tunisia,Defender,24,4,False,True,False,False,2,368.0
163189,M. Thiaw,25,Germany,Defender,24,24,True,True,False,False,8,4724.0
163200,C. dos Santos,1533,Cape Verde Islands,Goalkeeper,25,23,True,True,False,False,6,3025.0
163220,J. Antonisse,5530,Curaçao,Attacker,23,11,True,True,False,False,6,2943.0
163854,A. Y. Hashim,1567,Iraq,Attacker,29,13,False,True,False,False,3,57.0
163884,Abdallah Al Fakhouri,1548,Jordan,Goalkeeper,25,22,True,True,False,False,4,242.0
163908,Noureddin Zaid,1548,Jordan,Goalkeeper,32,12,True,True,False,False,4,0.0
164026,Ali Olwan,1548,Jordan,Attacker,25,9,True,True,False,False,5,1367.0
174768,A. Pierre,2386,Haiti,Goalkeeper,24,12,True,True,False,False,6,95.0
174915,J. Casimir,2386,Haiti,Midfielder,24,21,True,True,False,False,4,2075.0
175439,Homam Ahmed,1569,Qatar,Defender,26,14,True,True,False,False,7,2525.0
179699,F. Mayele,1508,Congo DR,Attacker,31,19,True,True,False,False,9,2744.0
179856,B. Old,4673,New Zealand,Attacker,23,19,True,True,False,False,7,2566.0
179862,M. Stamenic,4673,New Zealand,Midfielder,23,8,True,True,False,False,7,3788.0
179893,O. Appollis,1531,South Africa,Midfielder,24,7,True,True,False,False,6,3806.0
180560,H. Mejbri,28,Tunisia,Attacker,22,10,True,True,False,False,7,2274.0
180937,H. Falchener,1090,Norway,Defender,22,25,True,True,False,False,7,3862.0
181812,J. Musiala,25,Germany,Attacker,22,10,True,True,False,False,6,1710.0
182219,Álex Baena,9,Spain,Midfielder,24,15,True,True,False,False,8,5477.0
182718,Joan García,9,Spain,Goalkeeper,24,13,True,True,False,False,7,4240.0
183799,Nico Williams,9,Spain,Attacker,23,17,True,True,False,False,7,2229.0
184226,Yeremy Pino,9,Spain,Midfielder,23,11,True,True,False,False,7,3492.0
190485,Samú Costa,27,Portugal,Midfielder,25,24,True,True,False,False,5,3011.0
190575,Marwan Attia,32,Egypt,Midfielder,27,19,True,True,False,False,5,3460.0
190747,M. Expérience,2386,Haiti,Defender,26,8,True,True,False,False,7,2622.0
191240,M. Senaya,1504,Ghana,Defender,24,26,True,True,False,False,4,2253.0
191289,A. Sbaï,31,Morocco,Attacker,24,17,True,True,False,False,5,2057.0
193279,J. Nelson,5529,Canada,Attacker,22,26,True,True,False,False,9,2455.0
193288,Nawaf Al Aqidi,23,Saudi Arabia,Goalkeeper,25,1,True,True,False,False,7,1864.0
194242,D. Simon,2386,Haiti,Midfielder,25,25,True,True,False,False,4,677.0
194430,T. Mbatha,1531,South Africa,Midfielder,25,5,True,True,False,False,5,2154.0
194536,R. Roefs,1118,Netherlands,Goalkeeper,22,13,True,True,False,False,6,3692.0
194645,S. Sambo,5530,Curaçao,Defender,24,2,True,True,False,False,6,2316.0
195067,J. Margaritha,5530,Curaçao,Attacker,25,16,True,True,False,False,8,4812.0
195104,R. Rios,8,Colombia,Midfielder,25,6,True,True,False,False,13,7516.0
195107,D. Bobadilla,2380,Paraguay,Midfielder,24,16,True,True,False,False,13,6047.0
195992,J. Cáceres,2380,Paraguay,Defender,25,4,True,True,False,False,7,4008.0
196156,Thiago,6,Brazil,Attacker,24,25,True,True,False,False,5,3626.0
196187,A. Seidu,1504,Ghana,Defender,26,2,True,True,False,False,5,1623.0
196298,R. Sosa,2380,Paraguay,Attacker,26,7,True,True,False,False,12,3863.0
196343,Mohamed Abdelmonem,32,Egypt,Defender,26,6,True,True,False,False,4,111.0
197933,Ahmed Basil,1567,Iraq,Goalkeeper,29,22,True,True,False,False,4,990.0
197985,Seol Young-Woo,17,South Korea,Midfielder,27,22,True,True,False,False,7,5624.0
198211,Amer Jamous,1548,Jordan,Midfielder,23,6,True,True,False,False,6,772.0
198347,A. Valencia,2382,Ecuador,Attacker,22,8,True,True,False,False,4,1526.0
198352,M. Touré,20,Australia,Attacker,21,9,True,True,False,False,7,2387.0
198654,D. Svensson,5,Sweden,Defender,23,8,True,True,False,False,8,4716.0
199143,Y. Suzuki,12,Japan,Midfielder,24,17,True,True,False,False,7,3201.0
199310,A. Ben Slimane,28,Tunisia,Attacker,24,25,True,True,False,False,6,1775.0
199578,Z. Suzuki,12,Japan,Goalkeeper,23,1,True,True,False,False,6,3780.0
199767,S. Kapuadi,1508,Congo DR,Defender,27,3,True,True,False,False,8,3066.0
199837,K. Sulemana,1504,Ghana,Midfielder,23,22,True,True,False,False,7,1736.0
200139,M. Amoura,1532,Algeria,Attacker,26,18,True,True,False,False,7,2557.0
200981,Jassem Gaber,1569,Qatar,Midfielder,23,5,True,True,False,False,5,1344.0
201354,E. Makgopa,1531,South Africa,Attacker,25,99,True,True,False,False,6,1763.0
201713,S. Berhalter,2384,USA,Midfielder,24,14,True,True,False,False,9,5776.0
202381,Moteb Al Harbi,23,Saudi Arabia,Defender,25,24,True,True,False,False,8,3373.0
202696,I. Matanovic,3,Croatia,Attacker,22,20,True,True,False,False,6,2901.0
203224,F. Wirtz,25,Germany,Attacker,22,17,True,True,False,False,7,4254.0
204043,A. Theate,1,Belgium,Defender,25,3,True,True,False,False,5,3318.0
210165,F. Surman,4673,New Zealand,Defender,22,16,True,True,False,False,8,5496.0
212233,B. Gutiérrez,16,Mexico,Midfielder,22,26,True,True,False,False,6,3946.0
213978,Saed Al Rosan,1548,Jordan,Defender,28,19,True,True,False,False,3,180.0
213980,Nizar Al Rashdan,1548,Jordan,Midfielder,26,21,True,True,False,False,6,2525.0
214129,T. Bodak,5530,Curaçao,Goalkeeper,23,25,True,True,False,False,6,0.0
214463,I. Yüksek,777,Türkiye,Midfielder,27,16,True,True,False,False,8,2772.0
221605,F. Wiegele,775,Austria,Goalkeeper,24,12,True,True,False,False,5,2495.0
226765,E. Stroud,5,Sweden,Defender,23,24,True,True,False,False,4,3362.0
229112,A. Qasem,1567,Iraq,Midfielder,22,11,True,True,False,False,8,4054.0
237050,Eom Ji-Sung,17,South Korea,Attacker,23,25,True,True,False,False,7,2942.0
237078,P. Vite,2382,Ecuador,Midfielder,23,15,True,True,False,False,10,6797.0
237129,P. Sarr,13,Senegal,Midfielder,23,17,True,True,False,False,8,2461.0
237218,Lee Han-Beom,17,South Korea,Defender,23,2,True,True,False,False,6,3692.0
237220,Lee Tae-Seok,17,South Korea,Midfielder,23,13,True,True,False,False,8,4126.0
260865,Marco Pasalic,3,Croatia,Midfielder,25,24,True,True,False,False,7,3746.0
263228,P. Guiagon,1501,Ivory Coast,Midfielder,24,25,True,True,False,False,4,2695.0
263482,Nuno Mendes,27,Portugal,Defender,23,25,True,True,False,False,8,3471.0
263676,A. Fayzullaev,1568,Uzbekistan,Attacker,22,22,True,True,False,False,10,2361.0
264094,B. Tahirovic,1113,Bosnia & Herzegovina,Midfielder,22,6,True,True,False,False,5,1867.0
264378,S. Tangvik,1090,Norway,Goalkeeper,23,12,True,True,False,False,7,3990.0
264705,A. Jashari,15,Switzerland,Midfielder,23,14,True,True,False,False,9,1644.0
265444,S. Langås,1090,Norway,Defender,24,24,True,True,False,False,6,2707.0
265448,M. Farji,1567,Iraq,Midfielder,21,21,True,True,False,False,7,2944.0
265556,Telmo Arcanjo,1533,Cape Verde Islands,Midfielder,24,18,True,True,False,False,3,1574.0
265595,Gonçalo Inácio,27,Portugal,Defender,24,14,True,True,False,False,5,3935.0
265782,D. Møller Wolfe,1090,Norway,Defender,23,5,True,True,False,False,7,2408.0
265785,Luiz Henrique,6,Brazil,Attacker,24,21,True,True,False,False,6,2593.0
265820,Y. Ayari,5,Sweden,Midfielder,22,18,True,True,False,False,7,3301.0
266345,É. Lira,16,Mexico,Midfielder,25,6,True,True,False,False,10,5966.0
266606,C. Brady,2384,USA,Goalkeeper,21,25,True,True,False,False,6,3964.0
268710,J. Adams,1531,South Africa,Midfielder,24,23,True,True,False,False,6,3652.0
268806,Kelvin Pires,1533,Cape Verde Islands,Defender,25,25,True,True,False,False,6,1170.0
269172,Ziyad Al Johani,23,Saudi Arabia,Midfielder,24,16,True,True,False,False,8,2697.0
269174,Mostafa Shobeir,32,Egypt,Goalkeeper,25,23,True,True,False,False,5,2572.0
269349,L. Hornícek,770,Czech Republic,Goalkeeper,23,23,True,True,False,False,4,4850.0
269621,Hossam Abdelmaguid,32,Egypt,Defender,24,4,True,True,False,False,5,3782.0
270774,J. Rangel,16,Mexico,Goalkeeper,25,1,True,True,False,False,7,5084.0
271350,T. Muharemovic,1113,Bosnia & Herzegovina,Defender,22,4,True,True,False,False,5,3774.0
271444,Merchas Doski,1567,Iraq,Defender,26,23,True,True,False,False,7,4214.0
271539,J. Hadjam,1532,Algeria,Defender,22,13,True,True,False,False,7,2357.0
274300,M. Akliouche,2,France,Midfielder,23,25,True,True,False,False,7,4157.0
275170,Danilo Santos,6,Brazil,Midfielder,24,18,True,True,False,False,11,3138.0
275367,W. Paugain,2386,Haiti,Defender,24,24,True,True,False,False,6,1405.0
275651,A. Bonny,1501,Ivory Coast,Attacker,22,9,True,True,False,False,7,1981.0
276184,M. Sarr,13,Senegal,Defender,20,2,True,True,False,False,12,2245.0
276670,F. Chaïbi,1532,Algeria,Midfielder,23,10,True,True,False,False,7,3353.0
277003,N. El Aynaoui,31,Morocco,Midfielder,24,24,True,True,False,False,7,4908.0
277046,M. Koné,1501,Ivory Coast,Goalkeeper,23,16,True,True,False,False,5,1710.0
277930,T. Aasgaard,1090,Norway,Midfielder,23,19,True,True,False,False,8,2908.0
278133,Oscar Bobb,1090,Norway,Attacker,22,22,True,True,False,False,11,2328.0
278370,D. Gómez,2380,Paraguay,Midfielder,22,8,True,True,False,False,8,4025.0
278898,C. Riad,31,Morocco,Defender,22,18,True,True,False,False,4,1325.0
279482,B. Cipenga,1508,Congo DR,Attacker,27,9,True,True,False,False,5,2484.0
280074,N. Brown,25,Germany,Defender,22,18,True,True,False,False,7,4655.0
280358,J. Castrop,17,South Korea,Midfielder,22,23,True,True,False,False,6,1940.0
280695,A. Minda,2382,Ecuador,Midfielder,22,14,True,True,False,False,8,2221.0
282065,Youssef Amyn,1567,Iraq,Attacker,22,7,True,True,False,False,5,2662.0
283058,N. Jackson,13,Senegal,Attacker,24,11,True,True,False,False,8,2324.0
283174,Mohamed Al Manai,1569,Qatar,Midfielder,22,26,True,True,False,False,5,1165.0
283252,Z. El Ouahdi,31,Morocco,Defender,24,13,True,True,False,False,5,3977.0
284072,B. Dieng,13,Senegal,Attacker,25,9,True,True,False,False,5,1470.0
284295,Zidane Iqbal,1567,Iraq,Midfielder,22,14,True,True,False,False,6,1550.0
284322,K. Mainoo,10,England,Midfielder,20,16,True,True,False,False,8,2098.0
284554,O. Goodman,5529,Canada,Goalkeeper,22,18,True,True,False,False,7,3011.0
284869,T. Fruk,3,Croatia,Midfielder,24,19,True,True,False,False,5,2904.0
289592,K. Castaño,8,Colombia,Midfielder,25,5,True,True,False,False,10,4144.0
290212,D. Visinský,770,Czech Republic,Midfielder,22,26,True,True,False,False,6,2313.0
291024,Hélio Varela,1533,Cape Verde Islands,Midfielder,23,26,True,True,False,False,5,5123.0
291713,A. González,16,Mexico,Attacker,22,14,True,True,False,False,6,2855.0
291964,A. Güler,777,Türkiye,Attacker,20,8,True,True,False,False,8,4225.0
292253,Ahmed Hasan Al Reeshawee,1567,Iraq,Defender,30,15,False,True,False,False,2,32.0
292396,A. Londoño,11,Panama,Midfielder,24,24,True,True,False,False,7,3832.0
292924,A. Benbouali,1532,Algeria,Attacker,26,12,True,True,False,False,5,1327.0
294824,N. Saliba,5529,Canada,Midfielder,21,25,True,True,False,False,8,4541.0
295026,M. Baturina,3,Croatia,Attacker,22,16,True,True,False,False,6,4021.0
295394,Munaf Younus,1567,Iraq,Defender,29,6,True,True,False,False,4,1170.0
295513,J. López,26,Argentina,Attacker,25,21,True,True,False,False,14,6255.0
295793,Marc Pubill,9,Spain,Defender,22,2,True,True,False,False,9,3216.0
295977,T. Moremi,1531,South Africa,Midfielder,25,8,True,True,False,False,6,2575.0
296373,Zayed Tahseen,1567,Iraq,Defender,24,4,True,True,False,False,4,991.0
296645,T. Yengi,20,Australia,Attacker,25,26,True,True,False,False,6,2855.0
296667,Gavi,9,Spain,Attacker,21,9,True,True,False,False,5,973.0
299813,Ali Al Hamadi,1567,Iraq,Attacker,23,9,True,True,False,False,8,868.0
301528,A. Schjelderup,1090,Norway,Attacker,21,21,True,True,False,False,8,3818.0
301771,S. Adingra,1501,Ivory Coast,Attacker,23,10,True,True,False,False,8,1984.0
303362,R. Belghali,1532,Algeria,Defender,23,17,True,True,False,False,7,3002.0
303467,A. Fatawu,1504,Ghana,Midfielder,21,7,True,True,False,False,4,3994.0
304228,Z. Debast,1,Belgium,Defender,22,2,True,True,False,False,6,1531.0
304229,M. Mastil,1532,Algeria,Goalkeeper,25,1,False,True,False,False,2,0.0
304782,T. Hayakawa,12,Japan,Goalkeeper,26,23,True,True,False,False,7,5324.0
304951,Lee Gi-Hyuk,17,South Korea,Defender,25,3,True,True,False,False,8,2538.0
304958,Yang Hyun-Jun,17,South Korea,Attacker,23,20,True,True,False,False,9,3725.0
305832,M. Galarza,2380,Paraguay,Midfielder,23,23,True,True,False,False,11,3372.0
306380,Musab Al Juwayr,23,Saudi Arabia,Attacker,22,7,True,True,False,False,7,3922.0
306940,Y. Medina,2382,Ecuador,Midfielder,21,26,True,True,False,False,6,2397.0
307123,N. Oreilly,10,England,Defender,20,3,True,True,False,False,8,4785.0
308689,S. Lopes Cabral,1533,Cape Verde Islands,Defender,23,13,True,True,False,False,7,3799.0
309182,Gilson Benchimol,1533,Cape Verde Islands,Attacker,24,9,True,True,False,False,4,1667.0
309763,L. Comenencia,5530,Curaçao,Midfielder,21,8,True,True,False,False,6,5109.0
310196,Ismaël Gharbi,28,Tunisia,Attacker,21,11,True,True,False,False,7,726.0
310785,Mohannad Abu Taha,1548,Jordan,Midfielder,22,20,True,True,False,False,4,1128.0
310835,Abdallah Naseeb,1548,Jordan,Defender,31,3,True,True,False,False,5,1965.0
311543,N. Angulo,2382,Ecuador,Midfielder,22,20,True,True,False,False,8,3509.0
312231,Ruslanbek Jiyanov,1568,Uzbekistan,Midfielder,24,10,True,True,False,False,6,803.0
312459,N. Velupillay,20,Australia,Midfielder,24,23,True,True,False,False,6,2651.0
312964,N. Ngoy,1,Belgium,Defender,22,25,True,True,False,False,7,4074.0
313353,P. David,5529,Canada,Attacker,24,24,True,True,False,False,7,2156.0
313383,O. Vargas,16,Mexico,Midfielder,20,18,True,True,False,False,11,4641.0
313937,A. Mendy,13,Senegal,Defender,21,24,True,True,False,False,9,3582.0
314377,S. Bazdar,1113,Bosnia & Herzegovina,Attacker,21,9,True,True,False,False,6,942.0
314509,M. Epolo,1508,Congo DR,Goalkeeper,20,21,True,True,False,False,6,2610.0
314511,A. Nusa,1090,Norway,Midfielder,20,20,True,True,False,False,6,2889.0
318930,G. Métusala,2386,Haiti,Defender,27,14,True,True,False,False,5,668.0
319572,V. Barco,26,Argentina,Midfielder,21,8,True,True,False,False,7,3468.0
322101,A. Memic,1113,Bosnia & Herzegovina,Midfielder,24,15,True,True,False,False,6,3907.0
323935,G. Simeone,26,Argentina,Midfielder,23,17,True,True,False,False,8,4464.0
323974,E. Saad,28,Tunisia,Attacker,26,8,True,True,False,False,7,1551.0
324034,G. Puerta,8,Colombia,Midfielder,22,14,True,True,False,False,6,3430.0
326067,A. Hadj-Moussa,1532,Algeria,Attacker,23,11,True,True,False,False,8,3771.0
326183,R. Halhal,31,Morocco,Defender,22,25,True,True,False,False,3,3190.0
327599,Y. Titraoui,1532,Algeria,Midfielder,22,24,True,True,False,False,6,2915.0
327631,H. Diarra,13,Senegal,Attacker,21,21,True,True,False,False,7,2213.0
327738,L. De Fougerolles,5529,Canada,Defender,20,4,True,True,False,False,5,2616.0
327895,P. Wanner,775,Austria,Midfielder,20,24,True,True,False,False,7,2835.0
328033,A. Pavlovic,25,Germany,Midfielder,21,5,True,True,False,False,7,3806.0
328046,I. Koné,5529,Canada,Midfielder,23,8,True,True,False,False,6,3597.0
328148,E. Fariña,11,Panama,Defender,24,5,True,True,False,False,5,1227.0
329163,A. Boulbina,1532,Algeria,Attacker,22,20,True,True,False,False,10,1347.0
329409,E. Bajraktarevic,1113,Bosnia & Herzegovina,Midfielder,20,20,True,True,False,False,8,1704.0
330174,T. Matuludi,1531,South Africa,Defender,26,2,True,True,False,False,5,2074.0
332056,Wagner Pina,1533,Cape Verde Islands,Defender,23,24,True,True,False,False,6,5102.0
334429,O. Diakité,1501,Ivory Coast,Midfielder,22,14,True,True,False,False,6,1829.0
334915,F. Ghedjemis,1532,Algeria,Attacker,23,25,True,True,False,False,4,3099.0
335051,João Neves,27,Portugal,Midfielder,21,15,True,True,False,False,10,3725.0
335056,D. Moreira,1,Belgium,Attacker,21,19,True,True,False,False,7,5600.0
336657,W. Zaïre-Emery,2,France,Midfielder,19,18,True,True,False,False,10,4646.0
336659,C. Talbi,31,Morocco,Midfielder,20,7,True,True,False,False,6,2011.0
336671,Renato Veiga,27,Portugal,Defender,22,13,True,True,False,False,7,4714.0
337426,A. Boakye,1504,Ghana,Midfielder,25,20,True,True,False,False,5,2746.0
337587,J. Bos,20,Australia,Midfielder,23,5,True,True,False,False,9,3746.0
337740,S. Chaloupek,770,Czech Republic,Defender,22,6,True,True,False,False,6,3468.0
338014,N. Irankunda,20,Australia,Midfielder,19,17,True,True,False,False,7,3104.0
338045,D. Castillo,2382,Ecuador,Midfielder,21,18,True,True,False,False,6,2521.0
338367,D. Jean-Jacques,2386,Haiti,Midfielder,25,17,True,True,False,False,9,9860.0
338751,Víctor Muñoz,9,Spain,Attacker,22,25,True,True,False,False,5,2857.0
339883,K. Yildiz,777,Türkiye,Midfielder,20,11,True,True,False,False,8,4733.0
339887,C. Uzun,777,Türkiye,Midfielder,20,26,True,True,False,False,7,1669.0
340077,M. Fernandez-Pardo,1,Belgium,Attacker,20,26,True,True,False,False,6,3196.0
340151,M. Penders,1,Belgium,Goalkeeper,20,13,True,True,False,False,7,4639.0
340173,Ermin Mahmic,1113,Bosnia & Herzegovina,Midfielder,20,26,True,True,False,False,2,1631.0
340573,B. El Khannouss,31,Morocco,Attacker,21,23,True,True,False,False,9,3890.0
341642,J. Hato,1118,Netherlands,Defender,19,25,True,True,False,False,9,3082.0
341844,M. Ghorbani,22,Iran,Midfielder,24,21,True,True,False,False,5,995.0
342035,C. Volpato,20,Australia,Attacker,22,20,True,True,False,False,5,1486.0
342740,A. Abada,1532,Algeria,Defender,26,3,True,True,False,False,6,56.0
343027,D. Doué,2,France,Midfielder,20,20,True,True,False,False,10,3559.0
343287,D. Livramento,1533,Cape Verde Islands,Attacker,24,19,True,True,False,False,5,1696.0
343405,A. Yousefi,22,Iran,Midfielder,23,17,True,True,False,False,5,664.0
343576,B. Doak,1108,Scotland,Midfielder,20,17,True,True,False,False,7,1069.0
344862,H. Mastouri,28,Tunisia,Attacker,28,9,True,True,False,False,5,1637.0
345748,A. Gómez,8,Colombia,Midfielder,23,26,True,True,False,False,11,3881.0
347211,R. Risser,2,France,Goalkeeper,21,23,True,True,False,False,6,3420.0
347316,L. Bergvall,5,Sweden,Midfielder,19,7,True,True,False,False,9,2802.0
348205,P. Sucic,3,Croatia,Attacker,22,17,True,True,False,False,9,3544.0
348568,A. Circati,20,Australia,Defender,22,3,True,True,False,False,6,4058.0
349344,L. Jaquez,15,Switzerland,Defender,22,25,True,True,False,False,7,2010.0
350037,N. Paz,26,Argentina,Attacker,21,18,True,True,False,False,7,3700.0
350799,Jeremy Arévalo,2382,Ecuador,Attacker,20,24,True,True,False,False,8,1345.0
350850,B. Zeneli,5,Sweden,Midfielder,23,22,True,True,False,False,6,3667.0
350856,E. Nuamah,1504,Ghana,Midfielder,22,24,True,True,False,False,4,180.0
351014,J. Suzuki,12,Japan,Defender,22,25,True,True,False,False,8,4931.0
351587,T. Oluwaseyi,5529,Canada,Attacker,25,12,True,True,False,False,10,4341.0
353808,Deveron Fonville,5530,Curaçao,Defender,22,24,True,True,False,False,6,2423.0
353883,P. Beach,20,Australia,Goalkeeper,22,18,True,True,False,False,6,3734.0
354027,J. Ordoñez,2382,Ecuador,Defender,21,4,True,True,False,False,6,5063.0
354753,O. Diomande,1501,Ivory Coast,Defender,22,2,True,True,False,False,7,3177.0
354831,T. Maseko,1531,South Africa,Midfielder,22,12,True,True,False,False,5,840.0
355994,A. Freeman,2384,USA,Defender,21,16,True,True,False,False,8,4375.0
357286,Bae Jun-Ho,17,South Korea,Attacker,22,17,True,True,False,False,7,3567.0
358427,J. Urozov,1568,Uzbekistan,Defender,22,26,True,True,False,False,7,205.0
359561,K. Sebelebele,1531,South Africa,Midfielder,23,25,True,True,False,False,5,2908.0
360114,A. Khusanov,1568,Uzbekistan,Defender,21,2,True,True,False,False,9,3987.0
361966,K. Rodríguez,2382,Ecuador,Attacker,25,11,True,True,False,False,7,3151.0
362145,A. Ahmed,5529,Canada,Midfielder,25,20,True,True,False,False,9,4668.0
362400,M. Arfsten,2384,USA,Midfielder,24,18,True,True,False,False,8,5344.0
363723,S. Esanov,1568,Uzbekistan,Midfielder,23,23,False,True,False,False,2,10.0
365331,N. Sadiki,1508,Congo DR,Midfielder,21,14,True,True,False,False,7,4151.0
366516,G. Laye,1569,Qatar,Defender,27,4,True,True,False,False,3,846.0
369425,J. Adjetey,1504,Ghana,Defender,22,4,True,True,False,False,8,3549.0
369544,Gessime Yassine,31,Morocco,Attacker,20,16,True,True,False,False,8,2392.0
371050,W. Pierre,2386,Haiti,Midfielder,21,26,True,True,False,False,5,154.0
374058,L. Camara,13,Senegal,Midfielder,21,8,True,True,False,False,8,3285.0
375598,N. Mukau,1508,Congo DR,Midfielder,21,6,True,True,False,False,8,3026.0
375608,M. Neffati,28,Tunisia,Defender,21,23,True,True,False,False,4,2649.0
375930,K. Goto,12,Japan,Attacker,20,9,True,True,False,False,5,3000.0
375974,J. Seys,1,Belgium,Defender,20,18,True,True,False,False,4,4090.0
377122,Endrick,6,Brazil,Attacker,19,19,True,True,False,False,10,2219.0
377930,A. Al Oui,1569,Qatar,Defender,20,13,True,True,False,False,7,2032.0
380587,I. Maza,1532,Algeria,Attacker,20,22,True,True,False,False,8,3803.0
380978,A. Ouédraogo,25,Germany,Midfielder,17,25,True,True,False,False,5,1109.0
386828,Lamine Yamal,9,Spain,Midfielder,18,19,True,True,False,False,7,4431.0
386837,A. Sojka,770,Czech Republic,Midfielder,22,24,True,True,False,False,6,2279.0
387521,L. Vuskovic,3,Croatia,Defender,18,22,True,True,False,False,8,5517.0
387643,B. Touré,1501,Ivory Coast,Attacker,19,24,True,True,False,False,6,2755.0
388570,D. Gül,777,Türkiye,Attacker,21,9,True,True,False,False,9,2174.0
390002,M. Chávez,16,Mexico,Defender,21,20,True,True,False,False,9,2595.0
392387,O. Makhanya,1531,South Africa,Defender,21,24,True,True,False,False,6,4022.0
393977,A. Arous,28,Tunisia,Defender,21,5,True,True,False,False,6,1751.0
395075,Mostafa Zico,32,Egypt,Midfielder,28,11,True,True,False,False,6,2001.0
395559,Kerim-Sam Alajbegovic,1113,Bosnia & Herzegovina,Midfielder,18,19,True,True,False,False,8,2988.0
396623,Pau Cubarsí Paredes,9,Spain,Defender,18,22,True,True,False,False,8,4947.0
400948,Assane Diao,13,Senegal,Attacker,20,7,True,True,False,False,8,1773.0
403087,Mohammed Abu Al Shamat,23,Saudi Arabia,Midfielder,23,26,True,True,False,False,3,2694.0
404172,K. Peprah Oppong,1504,Ghana,Defender,21,21,True,True,False,False,8,4957.0
405957,L. Bayliss,4673,New Zealand,Midfielder,23,25,True,True,False,False,4,1861.0
406244,J. Manzambi,15,Switzerland,Attacker,20,9,True,True,False,False,6,4131.0
406303,K. Páez,2382,Ecuador,Attacker,18,10,True,True,False,False,12,3859.0
406752,I. Okon,1531,South Africa,Defender,21,21,True,True,False,False,5,2522.0
406846,T. Noslin,5530,Curaçao,Midfielder,23,13,True,True,False,False,5,2673.0
407017,M. Bombito,5529,Canada,Defender,26,15,True,True,False,False,5,371.0
407806,Rayan,6,Brazil,Midfielder,19,26,True,True,False,False,9,6482.0
409303,E. Diouf,13,Senegal,Defender,21,25,True,True,False,False,8,3753.0
409670,A. Malic,1113,Bosnia & Herzegovina,Defender,19,24,True,True,False,False,7,1761.0
410016,P. Adu,1504,Ghana,Midfielder,22,25,True,True,False,False,6,2503.0
411800,C. Bonsu Baah,1504,Ghana,Attacker,21,13,True,True,False,False,4,2823.0
414149,R. Mofokeng,1531,South Africa,Midfielder,21,10,True,True,False,False,6,2718.0
415431,S. El Mourabet,31,Morocco,Midfielder,20,15,True,True,False,False,6,3585.0
416901,N. Sigur,5529,Canada,Midfielder,22,23,True,True,False,False,6,3681.0
416964,B. Karimov,1568,Uzbekistan,Midfielder,18,24,True,True,False,False,4,557.0
422572,K. Shiogai,12,Japan,Attacker,20,26,True,True,False,False,5,921.0
423737,Tahsin Jamshid,1569,Qatar,Attacker,19,24,True,True,False,False,7,618.0
423753,A. Razzaghinia,22,Iran,Midfielder,19,26,True,True,False,False,5,477.0
425020,A. Maidana,2380,Paraguay,Defender,20,26,True,True,False,False,9,3273.0
426480,L. Herrington,20,Australia,Defender,18,25,True,True,False,False,7,4197.0
427187,Mustafa Saadoun,1567,Iraq,Defender,24,25,True,True,False,False,4,624.0
430078,S. Kabini,1531,South Africa,Defender,21,18,True,True,False,False,7,2624.0
430835,Tyler Bindon,4673,New Zealand,Defender,20,4,True,True,False,False,7,2840.0
433272,Findlay Curtis,1108,Scotland,Attacker,19,25,True,True,False,False,8,1853.0
438688,A. Bouaddi,31,Morocco,Midfielder,18,6,True,True,False,False,6,3641.0
441269,Paul Okon-Engstler,20,Australia,Midfielder,20,24,True,True,False,False,6,3440.0
446130,M. Jurkas,1113,Bosnia & Herzegovina,Goalkeeper,29,12,True,True,False,False,2,0.0
446249,I. Mbaye,13,Senegal,Attacker,17,20,True,True,False,False,12,2023.0
453073,Akam Rahman,1567,Iraq,Defender,27,5,True,True,False,False,5,1285.0
474591,C. Inao Oulai,1501,Ivory Coast,Midfielder,19,26,True,True,False,False,7,2865.0
474630,K. Ndamane,1531,South Africa,Defender,21,3,True,True,False,False,9,2868.0
475575,Caleb Marfo Yirenkyi,1504,Ghana,Midfielder,19,3,True,True,False,False,4,3255.0
480108,B. Asare,1504,Ghana,Goalkeeper,33,16,True,True,False,False,3,526.0
482605,G. Mora,16,Mexico,Midfielder,17,19,True,True,False,False,7,2543.0
510799,M. Mbokazi,1531,South Africa,Defender,20,14,True,True,False,False,7,3001.0
513776,Y. Diomande,1501,Ivory Coast,Midfielder,19,11,True,True,False,False,5,3467.0
532759,F. Sayfiev,1568,Uzbekistan,Defender,34,4,False,False,False,False,0,0.0
532950,D. Eiri,22,Iran,Defender,21,25,False,True,False,False,1,0.0
533035,A. Nemati,22,Iran,Defender,29,19,False,False,False,False,0,0.0
533295,K. Ayari,28,Tunisia,Attacker,20,14,False,True,False,False,2,77.0
533360,R. Chikhaoui,28,Tunisia,Defender,21,24,False,True,False,False,2,0.0
533394,C. Abdelmouhib,28,Tunisia,Goalkeeper,24,1,False,True,False,False,2,278.0
535046,A. Amaimouni,31,Morocco,Midfielder,20,21,True,True,False,False,4,1574.0
535737,R. Fernandez,2380,Paraguay,Goalkeeper,37,1,False,True,False,False,1,0.0
540857,C. F. Sainte,2386,Haiti,Midfielder,23,6,False,False,False,False,0,0.0
542541,Y. Abdurisag,1569,Qatar,Attacker,26,15,True,True,False,False,4,858.0
542542,A. Al Hussain,1569,Qatar,Defender,22,25,False,True,False,False,1,31.0
542644,A. Jasim,1567,Iraq,Attacker,21,17,True,True,False,False,4,1566.0
542710,M. Abu Hasheesh,1548,Jordan,Defender,30,2,False,False,False,False,0,0.0
542768,Ibrahim Sa'deh,1548,Jordan,Midfielder,25,15,True,False,False,False,2,0.0
542822,H. Abu Al Dahab,1548,Jordan,Defender,25,4,False,False,False,False,0,0.0
543059,J. Thakri,23,Saudi Arabia,Defender,24,25,False,False,False,False,0,0.0
547307,Cho Wi-Je,17,South Korea,Defender,24,14,False,True,False,False,1,32.0
550371,T. Alaa,32,Egypt,Defender,23,24,True,True,False,False,6,980.0
550469,M. Alaa,32,Egypt,Goalkeeper,26,26,False,False,False,False,0,0.0
550547,H. Abdelkarim,32,Egypt,Attacker,17,9,True,True,False,False,3,70.0
554208,C. Martinez,11,Panama,Midfielder,28,6,False,False,False,False,0,0.0
555437,H. Sochurek,770,Czech Republic,Midfielder,17,25,True,True,False,False,3,606.0
557460,T. Fletcher,1108,Scotland,Midfielder,18,8,True,True,False,False,5,252.0
566059,R. Elloumi,28,Tunisia,Attacker,18,18,True,True,False,False,8,670.0
568556,O. Al Fakhouri,1548,Jordan,Attacker,19,11,False,False,False,False,0,0.0
573613,K. Thermoncy,2386,Haiti,Defender,20,3,True,True,False,False,5,1.0
575283,A. Azaizeh,1548,Jordan,Attacker,21,24,True,True,False,False,3,725.0
593759,Ala Al Haji,23,Saudi Arabia,Midfielder,29,27,False,False,False,False,0,0.0
601853,M. Abu Ghoush,1548,Jordan,Defender,20,18,True,True,False,False,7,45.0
626479,Z. Ismaeel,1567,Iraq,Midfielder,23,24,False,True,False,False,2,181.0
630895,Bara Ndiaye,13,Senegal,Midfielder,18,22,True,True,False,False,4,266.0
651096,M. Al Daoud,1548,Jordan,Midfielder,33,25,False,False,False,False,0,0.0
664028,A. Badawi,1548,Jordan,Defender,28,26,False,True,False,False,1,0.0
