player_id,player_name,world_cup_team,window,fixture_id,benchmark_precheck,priority_reason,selection_resolution_reason
313,D. Ospina,Colombia,annual_current,1392359,True,player_below_80pct_coverage,upper90_can_enter_real_xi
313,D. Ospina,Colombia,annual_current,1392368,True,player_below_80pct_coverage,upper90_can_enter_real_xi
313,D. Ospina,Colombia,annual_current,1392375,True,player_below_80pct_coverage,upper90_can_enter_real_xi
313,D. Ospina,Colombia,annual_current,1392388,True,player_below_80pct_coverage,upper90_can_enter_real_xi
313,D. Ospina,Colombia,annual_current,1392396,True,player_below_80pct_coverage,upper90_can_enter_real_xi
313,D. Ospina,Colombia,annual_current,1392408,True,player_below_80pct_coverage,upper90_can_enter_real_xi
313,D. Ospina,Colombia,annual_current,1392432,True,player_below_80pct_coverage,upper90_can_enter_real_xi
313,D. Ospina,Colombia,annual_current,1392444,True,player_below_80pct_coverage,upper90_can_enter_real_xi
313,D. Ospina,Colombia,annual_current,1392463,True,player_below_80pct_coverage,upper90_can_enter_real_xi
313,D. Ospina,Colombia,annual_current,1392471,True,player_below_80pct_coverage,upper90_can_enter_real_xi
313,D. Ospina,Colombia,annual_current,1392483,True,player_below_80pct_coverage,upper90_can_enter_real_xi
313,D. Ospina,Colombia,annual_current,1392494,True,player_below_80pct_coverage,upper90_can_enter_real_xi
313,D. Ospina,Colombia,annual_current,1392498,True,player_below_80pct_coverage,upper90_can_enter_real_xi
313,D. Ospina,Colombia,annual_current,1392513,True,player_below_80pct_coverage,upper90_can_enter_real_xi
313,D. Ospina,Colombia,annual_current,1392524,True,player_below_80pct_coverage,upper90_can_enter_real_xi
313,D. Ospina,Colombia,annual_current,1392529,True,player_below_80pct_coverage,upper90_can_enter_real_xi
313,D. Ospina,Colombia,annual_current,1486344,True,player_below_80pct_coverage,upper90_can_enter_real_xi
313,D. Ospina,Colombia,annual_current,1487912,True,player_below_80pct_coverage,upper90_can_enter_real_xi
313,D. Ospina,Colombia,annual_current,1498262,True,player_below_80pct_coverage,upper90_can_enter_real_xi
313,D. Ospina,Colombia,annual_current,1501206,True,player_below_80pct_coverage,upper90_can_enter_real_xi
313,D. Ospina,Colombia,annual_current,1505946,True,player_below_80pct_coverage,upper90_can_enter_real_xi
313,D. Ospina,Colombia,annual_current,1505956,True,player_below_80pct_coverage,upper90_can_enter_real_xi
313,D. Ospina,Colombia,annual_current,1505966,True,player_below_80pct_coverage,upper90_can_enter_real_xi
313,D. Ospina,Colombia,annual_current,1505971,True,player_below_80pct_coverage,upper90_can_enter_real_xi
313,D. Ospina,Colombia,annual_current,1505985,True,player_below_80pct_coverage,upper90_can_enter_real_xi
313,D. Ospina,Colombia,annual_current,1505992,True,player_below_80pct_coverage,upper90_can_enter_real_xi
313,D. Ospina,Colombia,annual_current,1506001,True,player_below_80pct_coverage,upper90_can_enter_real_xi
313,D. Ospina,Colombia,annual_current,1506016,True,player_below_80pct_coverage,upper90_can_enter_real_xi
313,D. Ospina,Colombia,annual_current,1506017,True,player_below_80pct_coverage,upper90_can_enter_real_xi
313,D. Ospina,Colombia,annual_current,1506028,True,player_below_80pct_coverage,upper90_can_enter_real_xi
313,D. Ospina,Colombia,annual_current,1506039,True,player_below_80pct_coverage,upper90_can_enter_real_xi
313,D. Ospina,Colombia,annual_current,1506050,True,player_below_80pct_coverage,upper90_can_enter_real_xi
313,D. Ospina,Colombia,annual_current,1506063,True,player_below_80pct_coverage,upper90_can_enter_real_xi
313,D. Ospina,Colombia,annual_current,1506070,True,player_below_80pct_coverage,upper90_can_enter_real_xi
313,D. Ospina,Colombia,annual_current,1506082,True,player_below_80pct_coverage,upper90_can_enter_real_xi
313,D. Ospina,Colombia,annual_current,1506096,True,player_below_80pct_coverage,upper90_can_enter_real_xi
313,D. Ospina,Colombia,annual_current,1506103,True,player_below_80pct_coverage,upper90_can_enter_real_xi
313,D. Ospina,Colombia,annual_current,1506115,True,player_below_80pct_coverage,upper90_can_enter_real_xi
313,D. Ospina,Colombia,annual_current,1544223,True,player_below_80pct_coverage,upper90_can_enter_real_xi
313,D. Ospina,Colombia,annual_current,1544227,True,player_below_80pct_coverage,upper90_can_enter_real_xi
313,D. Ospina,Colombia,annual_current,1545166,True,player_below_80pct_coverage,upper90_can_enter_real_xi
313,D. Ospina,Colombia,annual_current,1545168,True,player_below_80pct_coverage,upper90_can_enter_real_xi
313,D. Ospina,Colombia,annual_current,1546412,True,player_below_80pct_coverage,upper90_can_enter_real_xi
313,D. Ospina,Colombia,annual_current,1546413,True,player_below_80pct_coverage,upper90_can_enter_real_xi
313,D. Ospina,Colombia,pre_world_cup,1377763,True,player_below_80pct_coverage,upper90_can_enter_real_xi
313,D. Ospina,Colombia,pre_world_cup,1377787,True,player_below_80pct_coverage,upper90_can_enter_real_xi
313,D. Ospina,Colombia,pre_world_cup,1378875,True,player_below_80pct_coverage,upper90_can_enter_real_xi
313,D. Ospina,Colombia,pre_world_cup,1392346,True,player_below_80pct_coverage,upper90_can_enter_real_xi
313,D. Ospina,Colombia,pre_world_cup,1392359,True,player_below_80pct_coverage,upper90_can_enter_real_xi
313,D. Ospina,Colombia,pre_world_cup,1392368,True,player_below_80pct_coverage,upper90_can_enter_real_xi
313,D. Ospina,Colombia,pre_world_cup,1392375,True,player_below_80pct_coverage,upper90_can_enter_real_xi
313,D. Ospina,Colombia,pre_world_cup,1392388,True,player_below_80pct_coverage,upper90_can_enter_real_xi
313,D. Ospina,Colombia,pre_world_cup,1392396,True,player_below_80pct_coverage,upper90_can_enter_real_xi
313,D. Ospina,Colombia,pre_world_cup,1392408,True,player_below_80pct_coverage,upper90_can_enter_real_xi
313,D. Ospina,Colombia,pre_world_cup,1392432,True,player_below_80pct_coverage,upper90_can_enter_real_xi
313,D. Ospina,Colombia,pre_world_cup,1392444,True,player_below_80pct_coverage,upper90_can_enter_real_xi
313,D. Ospina,Colombia,pre_world_cup,1392463,True,player_below_80pct_coverage,upper90_can_enter_real_xi
313,D. Ospina,Colombia,pre_world_cup,1392471,True,player_below_80pct_coverage,upper90_can_enter_real_xi
313,D. Ospina,Colombia,pre_world_cup,1392483,True,player_below_80pct_coverage,upper90_can_enter_real_xi
313,D. Ospina,Colombia,pre_world_cup,1392494,True,player_below_80pct_coverage,upper90_can_enter_real_xi
313,D. Ospina,Colombia,pre_world_cup,1392498,True,player_below_80pct_coverage,upper90_can_enter_real_xi
313,D. Ospina,Colombia,pre_world_cup,1392513,True,player_below_80pct_coverage,upper90_can_enter_real_xi
313,D. Ospina,Colombia,pre_world_cup,1392524,True,player_below_80pct_coverage,upper90_can_enter_real_xi
313,D. Ospina,Colombia,pre_world_cup,1392529,True,player_below_80pct_coverage,upper90_can_enter_real_xi
313,D. Ospina,Colombia,pre_world_cup,1486344,True,player_below_80pct_coverage,upper90_can_enter_real_xi
313,D. Ospina,Colombia,pre_world_cup,1487912,True,player_below_80pct_coverage,upper90_can_enter_real_xi
313,D. Ospina,Colombia,pre_world_cup,1498262,True,player_below_80pct_coverage,upper90_can_enter_real_xi
313,D. Ospina,Colombia,pre_world_cup,1501206,True,player_below_80pct_coverage,upper90_can_enter_real_xi
313,D. Ospina,Colombia,pre_world_cup,1505946,True,player_below_80pct_coverage,upper90_can_enter_real_xi
313,D. Ospina,Colombia,pre_world_cup,1505956,True,player_below_80pct_coverage,upper90_can_enter_real_xi
313,D. Ospina,Colombia,pre_world_cup,1505966,True,player_below_80pct_coverage,upper90_can_enter_real_xi
313,D. Ospina,Colombia,pre_world_cup,1505971,True,player_below_80pct_coverage,upper90_can_enter_real_xi
313,D. Ospina,Colombia,pre_world_cup,1505985,True,player_below_80pct_coverage,upper90_can_enter_real_xi
313,D. Ospina,Colombia,pre_world_cup,1505992,True,player_below_80pct_coverage,upper90_can_enter_real_xi
313,D. Ospina,Colombia,pre_world_cup,1506001,True,player_below_80pct_coverage,upper90_can_enter_real_xi
313,D. Ospina,Colombia,pre_world_cup,1506016,True,player_below_80pct_coverage,upper90_can_enter_real_xi
313,D. Ospina,Colombia,pre_world_cup,1506017,True,player_below_80pct_coverage,upper90_can_enter_real_xi
313,D. Ospina,Colombia,pre_world_cup,1506028,True,player_below_80pct_coverage,upper90_can_enter_real_xi
313,D. Ospina,Colombia,pre_world_cup,1506039,True,player_below_80pct_coverage,upper90_can_enter_real_xi
313,D. Ospina,Colombia,pre_world_cup,1506050,True,player_below_80pct_coverage,upper90_can_enter_real_xi
313,D. Ospina,Colombia,pre_world_cup,1506063,True,player_below_80pct_coverage,upper90_can_enter_real_xi
313,D. Ospina,Colombia,pre_world_cup,1506070,True,player_below_80pct_coverage,upper90_can_enter_real_xi
313,D. Ospina,Colombia,pre_world_cup,1506082,True,player_below_80pct_coverage,upper90_can_enter_real_xi
313,D. Ospina,Colombia,pre_world_cup,1506096,True,player_below_80pct_coverage,upper90_can_enter_real_xi
313,D. Ospina,Colombia,pre_world_cup,1506103,True,player_below_80pct_coverage,upper90_can_enter_real_xi
313,D. Ospina,Colombia,pre_world_cup,1506115,True,player_below_80pct_coverage,upper90_can_enter_real_xi
313,D. Ospina,Colombia,pre_world_cup,1544223,True,player_below_80pct_coverage,upper90_can_enter_real_xi
313,D. Ospina,Colombia,pre_world_cup,1544227,True,player_below_80pct_coverage,upper90_can_enter_real_xi
313,D. Ospina,Colombia,pre_world_cup,1545166,True,player_below_80pct_coverage,upper90_can_enter_real_xi
313,D. Ospina,Colombia,pre_world_cup,1545168,True,player_below_80pct_coverage,upper90_can_enter_real_xi
313,D. Ospina,Colombia,pre_world_cup,1546412,True,player_below_80pct_coverage,upper90_can_enter_real_xi
313,D. Ospina,Colombia,pre_world_cup,1546413,True,player_below_80pct_coverage,upper90_can_enter_real_xi
417,A. Schöpf,Austria,annual_current,1390028,True,player_below_80pct_coverage,upper90_can_enter_real_xi
417,A. Schöpf,Austria,annual_current,1390043,True,player_below_80pct_coverage,upper90_can_enter_real_xi
417,A. Schöpf,Austria,annual_current,1390047,True,player_below_80pct_coverage,upper90_can_enter_real_xi
417,A. Schöpf,Austria,annual_current,1390061,True,player_below_80pct_coverage,upper90_can_enter_real_xi
417,A. Schöpf,Austria,annual_current,1390075,True,player_below_80pct_coverage,upper90_can_enter_real_xi
417,A. Schöpf,Austria,annual_current,1390083,True,player_below_80pct_coverage,upper90_can_enter_real_xi
417,A. Schöpf,Austria,annual_current,1390090,True,player_below_80pct_coverage,upper90_can_enter_real_xi
417,A. Schöpf,Austria,annual_current,1390100,True,player_below_80pct_coverage,upper90_can_enter_real_xi
417,A. Schöpf,Austria,annual_current,1390105,True,player_below_80pct_coverage,upper90_can_enter_real_xi
417,A. Schöpf,Austria,annual_current,1390113,True,player_below_80pct_coverage,upper90_can_enter_real_xi
417,A. Schöpf,Austria,annual_current,1390126,True,player_below_80pct_coverage,upper90_can_enter_real_xi
417,A. Schöpf,Austria,annual_current,1390137,True,player_below_80pct_coverage,upper90_can_enter_real_xi
417,A. Schöpf,Austria,annual_current,1390140,True,player_below_80pct_coverage,upper90_can_enter_real_xi
417,A. Schöpf,Austria,annual_current,1399968,True,player_below_80pct_coverage,upper90_can_enter_real_xi
417,A. Schöpf,Austria,annual_current,1531262,True,player_below_80pct_coverage,upper90_can_enter_real_xi
417,A. Schöpf,Austria,annual_current,1531265,True,player_below_80pct_coverage,upper90_can_enter_real_xi
417,A. Schöpf,Austria,annual_current,1531267,True,player_below_80pct_coverage,upper90_can_enter_real_xi
417,A. Schöpf,Austria,annual_current,1531271,True,player_below_80pct_coverage,upper90_can_enter_real_xi
417,A. Schöpf,Austria,annual_current,1531273,True,player_below_80pct_coverage,upper90_can_enter_real_xi
417,A. Schöpf,Austria,annual_current,1531280,True,player_below_80pct_coverage,upper90_can_enter_real_xi
417,A. Schöpf,Austria,annual_current,1531282,True,player_below_80pct_coverage,upper90_can_enter_real_xi
417,A. Schöpf,Austria,annual_current,1531286,True,player_below_80pct_coverage,upper90_can_enter_real_xi
417,A. Schöpf,Austria,annual_current,1545407,True,player_below_80pct_coverage,upper90_can_enter_real_xi
417,A. Schöpf,Austria,pre_world_cup,1390028,True,player_below_80pct_coverage,upper90_can_enter_real_xi
417,A. Schöpf,Austria,pre_world_cup,1390043,True,player_below_80pct_coverage,upper90_can_enter_real_xi
417,A. Schöpf,Austria,pre_world_cup,1390047,True,player_below_80pct_coverage,upper90_can_enter_real_xi
417,A. Schöpf,Austria,pre_world_cup,1390061,True,player_below_80pct_coverage,upper90_can_enter_real_xi
417,A. Schöpf,Austria,pre_world_cup,1390075,True,player_below_80pct_coverage,upper90_can_enter_real_xi
417,A. Schöpf,Austria,pre_world_cup,1390083,True,player_below_80pct_coverage,upper90_can_enter_real_xi
417,A. Schöpf,Austria,pre_world_cup,1390090,True,player_below_80pct_coverage,upper90_can_enter_real_xi
417,A. Schöpf,Austria,pre_world_cup,1390100,True,player_below_80pct_coverage,upper90_can_enter_real_xi
417,A. Schöpf,Austria,pre_world_cup,1390105,True,player_below_80pct_coverage,upper90_can_enter_real_xi
417,A. Schöpf,Austria,pre_world_cup,1390113,True,player_below_80pct_coverage,upper90_can_enter_real_xi
417,A. Schöpf,Austria,pre_world_cup,1390126,True,player_below_80pct_coverage,upper90_can_enter_real_xi
417,A. Schöpf,Austria,pre_world_cup,1390137,True,player_below_80pct_coverage,upper90_can_enter_real_xi
417,A. Schöpf,Austria,pre_world_cup,1390140,True,player_below_80pct_coverage,upper90_can_enter_real_xi
417,A. Schöpf,Austria,pre_world_cup,1399968,True,player_below_80pct_coverage,upper90_can_enter_real_xi
417,A. Schöpf,Austria,pre_world_cup,1531262,True,player_below_80pct_coverage,upper90_can_enter_real_xi
417,A. Schöpf,Austria,pre_world_cup,1531265,True,player_below_80pct_coverage,upper90_can_enter_real_xi
417,A. Schöpf,Austria,pre_world_cup,1531267,True,player_below_80pct_coverage,upper90_can_enter_real_xi
417,A. Schöpf,Austria,pre_world_cup,1531271,True,player_below_80pct_coverage,upper90_can_enter_real_xi
417,A. Schöpf,Austria,pre_world_cup,1531273,True,player_below_80pct_coverage,upper90_can_enter_real_xi
417,A. Schöpf,Austria,pre_world_cup,1531280,True,player_below_80pct_coverage,upper90_can_enter_real_xi
417,A. Schöpf,Austria,pre_world_cup,1531282,True,player_below_80pct_coverage,upper90_can_enter_real_xi
417,A. Schöpf,Austria,pre_world_cup,1531286,True,player_below_80pct_coverage,upper90_can_enter_real_xi
417,A. Schöpf,Austria,pre_world_cup,1545407,True,player_below_80pct_coverage,upper90_can_enter_real_xi
2481,Á. Montero,Colombia,annual_current,1374091,True,player_below_80pct_coverage,upper90_can_enter_real_xi
2481,Á. Montero,Colombia,annual_current,1374100,True,player_below_80pct_coverage,upper90_can_enter_real_xi
2481,Á. Montero,Colombia,annual_current,1374131,True,player_below_80pct_coverage,upper90_can_enter_real_xi
2481,Á. Montero,Colombia,annual_current,1374149,True,player_below_80pct_coverage,upper90_can_enter_real_xi
2481,Á. Montero,Colombia,annual_current,1374170,True,player_below_80pct_coverage,upper90_can_enter_real_xi
2481,Á. Montero,Colombia,annual_current,1374193,True,player_below_80pct_coverage,upper90_can_enter_real_xi
2481,Á. Montero,Colombia,annual_current,1374208,True,player_below_80pct_coverage,upper90_can_enter_real_xi
2481,Á. Montero,Colombia,annual_current,1374222,True,player_below_80pct_coverage,upper90_can_enter_real_xi
2481,Á. Montero,Colombia,annual_current,1374251,True,player_below_80pct_coverage,upper90_can_enter_real_xi
2481,Á. Montero,Colombia,annual_current,1374280,True,player_below_80pct_coverage,upper90_can_enter_real_xi
2481,Á. Montero,Colombia,annual_current,1377443,True,player_below_80pct_coverage,upper90_can_enter_real_xi
2481,Á. Montero,Colombia,annual_current,1377444,True,player_below_80pct_coverage,upper90_can_enter_real_xi
2481,Á. Montero,Colombia,annual_current,1392363,True,player_below_80pct_coverage,upper90_can_enter_real_xi
2481,Á. Montero,Colombia,annual_current,1392371,True,player_below_80pct_coverage,upper90_can_enter_real_xi
2481,Á. Montero,Colombia,annual_current,1392383,True,player_below_80pct_coverage,upper90_can_enter_real_xi
2481,Á. Montero,Colombia,annual_current,1392392,True,player_below_80pct_coverage,upper90_can_enter_real_xi
2481,Á. Montero,Colombia,annual_current,1392397,True,player_below_80pct_coverage,upper90_can_enter_real_xi
2481,Á. Montero,Colombia,annual_current,1392404,True,player_below_80pct_coverage,upper90_can_enter_real_xi
2481,Á. Montero,Colombia,annual_current,1392410,True,player_below_80pct_coverage,upper90_can_enter_real_xi
2481,Á. Montero,Colombia,annual_current,1392415,True,player_below_80pct_coverage,upper90_can_enter_real_xi
2481,Á. Montero,Colombia,annual_current,1392427,True,player_below_80pct_coverage,upper90_can_enter_real_xi
2481,Á. Montero,Colombia,annual_current,1392441,True,player_below_80pct_coverage,upper90_can_enter_real_xi
2481,Á. Montero,Colombia,annual_current,1392449,True,player_below_80pct_coverage,upper90_can_enter_real_xi
2481,Á. Montero,Colombia,annual_current,1392462,True,player_below_80pct_coverage,upper90_can_enter_real_xi
2481,Á. Montero,Colombia,annual_current,1392471,True,player_below_80pct_coverage,upper90_can_enter_real_xi
2481,Á. Montero,Colombia,annual_current,1392495,True,player_below_80pct_coverage,upper90_can_enter_real_xi
2481,Á. Montero,Colombia,annual_current,1392505,True,player_below_80pct_coverage,upper90_can_enter_real_xi
2481,Á. Montero,Colombia,annual_current,1392521,True,player_below_80pct_coverage,upper90_can_enter_real_xi
2481,Á. Montero,Colombia,annual_current,1392532,True,player_below_80pct_coverage,upper90_can_enter_real_xi
2481,Á. Montero,Colombia,annual_current,1441203,True,player_below_80pct_coverage,upper90_can_enter_real_xi
2481,Á. Montero,Colombia,annual_current,1441204,True,player_below_80pct_coverage,upper90_can_enter_real_xi
2481,Á. Montero,Colombia,annual_current,1480644,True,player_below_80pct_coverage,upper90_can_enter_real_xi
2481,Á. Montero,Colombia,annual_current,1486754,True,player_below_80pct_coverage,upper90_can_enter_real_xi
2481,Á. Montero,Colombia,annual_current,1491827,True,player_below_80pct_coverage,upper90_can_enter_real_xi
2481,Á. Montero,Colombia,annual_current,1491847,True,player_below_80pct_coverage,upper90_can_enter_real_xi
2481,Á. Montero,Colombia,annual_current,1491882,True,player_below_80pct_coverage,upper90_can_enter_real_xi
2481,Á. Montero,Colombia,annual_current,1491922,True,player_below_80pct_coverage,upper90_can_enter_real_xi
2481,Á. Montero,Colombia,annual_current,1491952,True,player_below_80pct_coverage,upper90_can_enter_real_xi
2481,Á. Montero,Colombia,annual_current,1491967,True,player_below_80pct_coverage,upper90_can_enter_real_xi
2481,Á. Montero,Colombia,annual_current,1491976,True,player_below_80pct_coverage,upper90_can_enter_real_xi
2481,Á. Montero,Colombia,annual_current,1492003,True,player_below_80pct_coverage,upper90_can_enter_real_xi
2481,Á. Montero,Colombia,annual_current,1492027,True,player_below_80pct_coverage,upper90_can_enter_real_xi
2481,Á. Montero,Colombia,annual_current,1492057,True,player_below_80pct_coverage,upper90_can_enter_real_xi
2481,Á. Montero,Colombia,annual_current,1544183,True,player_below_80pct_coverage,upper90_can_enter_real_xi
2481,Á. Montero,Colombia,pre_world_cup,1374070,True,player_below_80pct_coverage,upper90_can_enter_real_xi
2481,Á. Montero,Colombia,pre_world_cup,1374091,True,player_below_80pct_coverage,upper90_can_enter_real_xi
2481,Á. Montero,Colombia,pre_world_cup,1374100,True,player_below_80pct_coverage,upper90_can_enter_real_xi
2481,Á. Montero,Colombia,pre_world_cup,1374131,True,player_below_80pct_coverage,upper90_can_enter_real_xi
2481,Á. Montero,Colombia,pre_world_cup,1374149,True,player_below_80pct_coverage,upper90_can_enter_real_xi
2481,Á. Montero,Colombia,pre_world_cup,1374170,True,player_below_80pct_coverage,upper90_can_enter_real_xi
2481,Á. Montero,Colombia,pre_world_cup,1374193,True,player_below_80pct_coverage,upper90_can_enter_real_xi
2481,Á. Montero,Colombia,pre_world_cup,1374208,True,player_below_80pct_coverage,upper90_can_enter_real_xi
2481,Á. Montero,Colombia,pre_world_cup,1374222,True,player_below_80pct_coverage,upper90_can_enter_real_xi
2481,Á. Montero,Colombia,pre_world_cup,1374251,True,player_below_80pct_coverage,upper90_can_enter_real_xi
2481,Á. Montero,Colombia,pre_world_cup,1374280,True,player_below_80pct_coverage,upper90_can_enter_real_xi
2481,Á. Montero,Colombia,pre_world_cup,1377443,True,player_below_80pct_coverage,upper90_can_enter_real_xi
2481,Á. Montero,Colombia,pre_world_cup,1377444,True,player_below_80pct_coverage,upper90_can_enter_real_xi
2481,Á. Montero,Colombia,pre_world_cup,1377761,True,player_below_80pct_coverage,upper90_can_enter_real_xi
2481,Á. Montero,Colombia,pre_world_cup,1377787,True,player_below_80pct_coverage,upper90_can_enter_real_xi
2481,Á. Montero,Colombia,pre_world_cup,1378883,True,player_below_80pct_coverage,upper90_can_enter_real_xi
2481,Á. Montero,Colombia,pre_world_cup,1392363,True,player_below_80pct_coverage,upper90_can_enter_real_xi
2481,Á. Montero,Colombia,pre_world_cup,1392371,True,player_below_80pct_coverage,upper90_can_enter_real_xi
2481,Á. Montero,Colombia,pre_world_cup,1392383,True,player_below_80pct_coverage,upper90_can_enter_real_xi
2481,Á. Montero,Colombia,pre_world_cup,1392392,True,player_below_80pct_coverage,upper90_can_enter_real_xi
2481,Á. Montero,Colombia,pre_world_cup,1392397,True,player_below_80pct_coverage,upper90_can_enter_real_xi
2481,Á. Montero,Colombia,pre_world_cup,1392404,True,player_below_80pct_coverage,upper90_can_enter_real_xi
2481,Á. Montero,Colombia,pre_world_cup,1392410,True,player_below_80pct_coverage,upper90_can_enter_real_xi
2481,Á. Montero,Colombia,pre_world_cup,1392415,True,player_below_80pct_coverage,upper90_can_enter_real_xi
2481,Á. Montero,Colombia,pre_world_cup,1392427,True,player_below_80pct_coverage,upper90_can_enter_real_xi
2481,Á. Montero,Colombia,pre_world_cup,1392441,True,player_below_80pct_coverage,upper90_can_enter_real_xi
2481,Á. Montero,Colombia,pre_world_cup,1392449,True,player_below_80pct_coverage,upper90_can_enter_real_xi
2481,Á. Montero,Colombia,pre_world_cup,1392462,True,player_below_80pct_coverage,upper90_can_enter_real_xi
2481,Á. Montero,Colombia,pre_world_cup,1392471,True,player_below_80pct_coverage,upper90_can_enter_real_xi
2481,Á. Montero,Colombia,pre_world_cup,1392495,True,player_below_80pct_coverage,upper90_can_enter_real_xi
2481,Á. Montero,Colombia,pre_world_cup,1392505,True,player_below_80pct_coverage,upper90_can_enter_real_xi
2481,Á. Montero,Colombia,pre_world_cup,1392521,True,player_below_80pct_coverage,upper90_can_enter_real_xi
2481,Á. Montero,Colombia,pre_world_cup,1392532,True,player_below_80pct_coverage,upper90_can_enter_real_xi
2481,Á. Montero,Colombia,pre_world_cup,1441203,True,player_below_80pct_coverage,upper90_can_enter_real_xi
2481,Á. Montero,Colombia,pre_world_cup,1441204,True,player_below_80pct_coverage,upper90_can_enter_real_xi
2481,Á. Montero,Colombia,pre_world_cup,1480644,True,player_below_80pct_coverage,upper90_can_enter_real_xi
2481,Á. Montero,Colombia,pre_world_cup,1486754,True,player_below_80pct_coverage,upper90_can_enter_real_xi
2481,Á. Montero,Colombia,pre_world_cup,1491827,True,player_below_80pct_coverage,upper90_can_enter_real_xi
2481,Á. Montero,Colombia,pre_world_cup,1491847,True,player_below_80pct_coverage,upper90_can_enter_real_xi
2481,Á. Montero,Colombia,pre_world_cup,1491882,True,player_below_80pct_coverage,upper90_can_enter_real_xi
2481,Á. Montero,Colombia,pre_world_cup,1491922,True,player_below_80pct_coverage,upper90_can_enter_real_xi
2481,Á. Montero,Colombia,pre_world_cup,1491952,True,player_below_80pct_coverage,upper90_can_enter_real_xi
2481,Á. Montero,Colombia,pre_world_cup,1491967,True,player_below_80pct_coverage,upper90_can_enter_real_xi
2481,Á. Montero,Colombia,pre_world_cup,1491976,True,player_below_80pct_coverage,upper90_can_enter_real_xi
2481,Á. Montero,Colombia,pre_world_cup,1492003,True,player_below_80pct_coverage,upper90_can_enter_real_xi
2481,Á. Montero,Colombia,pre_world_cup,1492027,True,player_below_80pct_coverage,upper90_can_enter_real_xi
2481,Á. Montero,Colombia,pre_world_cup,1492057,True,player_below_80pct_coverage,upper90_can_enter_real_xi
2481,Á. Montero,Colombia,pre_world_cup,1544183,True,player_below_80pct_coverage,upper90_can_enter_real_xi
2539,Ahmed Fathi,Qatar,annual_current,1393743,True,player_below_80pct_coverage,upper90_can_enter_real_xi
2539,Ahmed Fathi,Qatar,annual_current,1393761,True,player_below_80pct_coverage,upper90_can_enter_real_xi
2539,Ahmed Fathi,Qatar,annual_current,1393765,True,player_below_80pct_coverage,upper90_can_enter_real_xi
2539,Ahmed Fathi,Qatar,annual_current,1393777,True,player_below_80pct_coverage,upper90_can_enter_real_xi
2539,Ahmed Fathi,Qatar,annual_current,1491612,True,player_below_80pct_coverage,upper90_can_enter_real_xi
2539,Ahmed Fathi,Qatar,annual_current,1491634,True,player_below_80pct_coverage,upper90_can_enter_real_xi
2539,Ahmed Fathi,Qatar,annual_current,1491636,True,player_below_80pct_coverage,upper90_can_enter_real_xi
2539,Ahmed Fathi,Qatar,annual_current,1491648,True,player_below_80pct_coverage,upper90_can_enter_real_xi
2539,Ahmed Fathi,Qatar,pre_world_cup,1393743,True,player_below_80pct_coverage,upper90_can_enter_real_xi
2539,Ahmed Fathi,Qatar,pre_world_cup,1393761,True,player_below_80pct_coverage,upper90_can_enter_real_xi
2539,Ahmed Fathi,Qatar,pre_world_cup,1393765,True,player_below_80pct_coverage,upper90_can_enter_real_xi
2539,Ahmed Fathi,Qatar,pre_world_cup,1393777,True,player_below_80pct_coverage,upper90_can_enter_real_xi
2539,Ahmed Fathi,Qatar,pre_world_cup,1491612,True,player_below_80pct_coverage,upper90_can_enter_real_xi
2539,Ahmed Fathi,Qatar,pre_world_cup,1491634,True,player_below_80pct_coverage,upper90_can_enter_real_xi
2539,Ahmed Fathi,Qatar,pre_world_cup,1491636,True,player_below_80pct_coverage,upper90_can_enter_real_xi
2539,Ahmed Fathi,Qatar,pre_world_cup,1491648,True,player_below_80pct_coverage,upper90_can_enter_real_xi
2699,S. Ghoddos,Iran,annual_current,1446905,True,player_below_80pct_coverage,upper90_can_enter_real_xi
2699,S. Ghoddos,Iran,annual_current,1446909,True,player_below_80pct_coverage,upper90_can_enter_real_xi
2699,S. Ghoddos,Iran,annual_current,1446928,True,player_below_80pct_coverage,upper90_can_enter_real_xi
2699,S. Ghoddos,Iran,annual_current,1485352,True,player_below_80pct_coverage,upper90_can_enter_real_xi
2699,S. Ghoddos,Iran,annual_current,1485357,True,player_below_80pct_coverage,upper90_can_enter_real_xi
2699,S. Ghoddos,Iran,annual_current,1485366,True,player_below_80pct_coverage,upper90_can_enter_real_xi
2699,S. Ghoddos,Iran,annual_current,1505593,True,player_below_80pct_coverage,upper90_can_enter_real_xi
2699,S. Ghoddos,Iran,annual_current,1505605,True,player_below_80pct_coverage,upper90_can_enter_real_xi
2699,S. Ghoddos,Iran,annual_current,1505611,True,player_below_80pct_coverage,upper90_can_enter_real_xi
2699,S. Ghoddos,Iran,pre_world_cup,1446905,True,player_below_80pct_coverage,upper90_can_enter_real_xi
2699,S. Ghoddos,Iran,pre_world_cup,1446909,True,player_below_80pct_coverage,upper90_can_enter_real_xi
2699,S. Ghoddos,Iran,pre_world_cup,1446928,True,player_below_80pct_coverage,upper90_can_enter_real_xi
2699,S. Ghoddos,Iran,pre_world_cup,1485352,True,player_below_80pct_coverage,upper90_can_enter_real_xi
2699,S. Ghoddos,Iran,pre_world_cup,1485357,True,player_below_80pct_coverage,upper90_can_enter_real_xi
2699,S. Ghoddos,Iran,pre_world_cup,1485366,True,player_below_80pct_coverage,upper90_can_enter_real_xi
2699,S. Ghoddos,Iran,pre_world_cup,1505593,True,player_below_80pct_coverage,upper90_can_enter_real_xi
2699,S. Ghoddos,Iran,pre_world_cup,1505605,True,player_below_80pct_coverage,upper90_can_enter_real_xi
2699,S. Ghoddos,Iran,pre_world_cup,1505611,True,player_below_80pct_coverage,upper90_can_enter_real_xi
6808,J. Italiano,Australia,annual_current,1390039,True,player_below_80pct_coverage,upper90_can_enter_real_xi
6808,J. Italiano,Australia,annual_current,1390049,True,player_below_80pct_coverage,upper90_can_enter_real_xi
6808,J. Italiano,Australia,annual_current,1390056,True,player_below_80pct_coverage,upper90_can_enter_real_xi
6808,J. Italiano,Australia,annual_current,1390064,True,player_below_80pct_coverage,upper90_can_enter_real_xi
6808,J. Italiano,Australia,annual_current,1390069,True,player_below_80pct_coverage,upper90_can_enter_real_xi
6808,J. Italiano,Australia,annual_current,1390075,True,player_below_80pct_coverage,upper90_can_enter_real_xi
6808,J. Italiano,Australia,annual_current,1390079,True,player_below_80pct_coverage,upper90_can_enter_real_xi
6808,J. Italiano,Australia,annual_current,1390094,True,player_below_80pct_coverage,upper90_can_enter_real_xi
6808,J. Italiano,Australia,annual_current,1390104,True,player_below_80pct_coverage,upper90_can_enter_real_xi
6808,J. Italiano,Australia,annual_current,1390110,True,player_below_80pct_coverage,upper90_can_enter_real_xi
6808,J. Italiano,Australia,annual_current,1390126,True,player_below_80pct_coverage,upper90_can_enter_real_xi
6808,J. Italiano,Australia,annual_current,1390141,True,player_below_80pct_coverage,upper90_can_enter_real_xi
6808,J. Italiano,Australia,annual_current,1390144,True,player_below_80pct_coverage,upper90_can_enter_real_xi
6808,J. Italiano,Australia,annual_current,1390153,True,player_below_80pct_coverage,upper90_can_enter_real_xi
6808,J. Italiano,Australia,annual_current,1531261,True,player_below_80pct_coverage,upper90_can_enter_real_xi
6808,J. Italiano,Australia,annual_current,1531264,True,player_below_80pct_coverage,upper90_can_enter_real_xi
6808,J. Italiano,Australia,annual_current,1531266,True,player_below_80pct_coverage,upper90_can_enter_real_xi
6808,J. Italiano,Australia,annual_current,1531269,True,player_below_80pct_coverage,upper90_can_enter_real_xi
6808,J. Italiano,Australia,annual_current,1531274,True,player_below_80pct_coverage,upper90_can_enter_real_xi
6808,J. Italiano,Australia,annual_current,1531278,True,player_below_80pct_coverage,upper90_can_enter_real_xi
6808,J. Italiano,Australia,annual_current,1531281,True,player_below_80pct_coverage,upper90_can_enter_real_xi
6808,J. Italiano,Australia,annual_current,1531285,True,player_below_80pct_coverage,upper90_can_enter_real_xi
6808,J. Italiano,Australia,pre_world_cup,1390039,True,player_below_80pct_coverage,upper90_can_enter_real_xi
6808,J. Italiano,Australia,pre_world_cup,1390049,True,player_below_80pct_coverage,upper90_can_enter_real_xi
6808,J. Italiano,Australia,pre_world_cup,1390056,True,player_below_80pct_coverage,upper90_can_enter_real_xi
6808,J. Italiano,Australia,pre_world_cup,1390064,True,player_below_80pct_coverage,upper90_can_enter_real_xi
6808,J. Italiano,Australia,pre_world_cup,1390069,True,player_below_80pct_coverage,upper90_can_enter_real_xi
6808,J. Italiano,Australia,pre_world_cup,1390075,True,player_below_80pct_coverage,upper90_can_enter_real_xi
6808,J. Italiano,Australia,pre_world_cup,1390079,True,player_below_80pct_coverage,upper90_can_enter_real_xi
6808,J. Italiano,Australia,pre_world_cup,1390094,True,player_below_80pct_coverage,upper90_can_enter_real_xi
6808,J. Italiano,Australia,pre_world_cup,1390104,True,player_below_80pct_coverage,upper90_can_enter_real_xi
6808,J. Italiano,Australia,pre_world_cup,1390110,True,player_below_80pct_coverage,upper90_can_enter_real_xi
6808,J. Italiano,Australia,pre_world_cup,1390126,True,player_below_80pct_coverage,upper90_can_enter_real_xi
6808,J. Italiano,Australia,pre_world_cup,1390141,True,player_below_80pct_coverage,upper90_can_enter_real_xi
6808,J. Italiano,Australia,pre_world_cup,1390144,True,player_below_80pct_coverage,upper90_can_enter_real_xi
6808,J. Italiano,Australia,pre_world_cup,1390153,True,player_below_80pct_coverage,upper90_can_enter_real_xi
6808,J. Italiano,Australia,pre_world_cup,1531261,True,player_below_80pct_coverage,upper90_can_enter_real_xi
6808,J. Italiano,Australia,pre_world_cup,1531264,True,player_below_80pct_coverage,upper90_can_enter_real_xi
6808,J. Italiano,Australia,pre_world_cup,1531266,True,player_below_80pct_coverage,upper90_can_enter_real_xi
6808,J. Italiano,Australia,pre_world_cup,1531269,True,player_below_80pct_coverage,upper90_can_enter_real_xi
6808,J. Italiano,Australia,pre_world_cup,1531274,True,player_below_80pct_coverage,upper90_can_enter_real_xi
6808,J. Italiano,Australia,pre_world_cup,1531278,True,player_below_80pct_coverage,upper90_can_enter_real_xi
6808,J. Italiano,Australia,pre_world_cup,1531281,True,player_below_80pct_coverage,upper90_can_enter_real_xi
6808,J. Italiano,Australia,pre_world_cup,1531285,True,player_below_80pct_coverage,upper90_can_enter_real_xi
21101,S. Moutoussamy,Congo DR,annual_current,1398320,True,player_below_80pct_coverage,upper90_can_enter_real_xi
21101,S. Moutoussamy,Congo DR,annual_current,1398333,True,player_below_80pct_coverage,upper90_can_enter_real_xi
21101,S. Moutoussamy,Congo DR,annual_current,1398335,True,player_below_80pct_coverage,upper90_can_enter_real_xi
21101,S. Moutoussamy,Congo DR,annual_current,1398349,True,player_below_80pct_coverage,upper90_can_enter_real_xi
21101,S. Moutoussamy,Congo DR,annual_current,1398364,True,player_below_80pct_coverage,upper90_can_enter_real_xi
21101,S. Moutoussamy,Congo DR,annual_current,1398374,True,player_below_80pct_coverage,upper90_can_enter_real_xi
21101,S. Moutoussamy,Congo DR,annual_current,1398384,True,player_below_80pct_coverage,upper90_can_enter_real_xi
21101,S. Moutoussamy,Congo DR,annual_current,1398404,True,player_below_80pct_coverage,upper90_can_enter_real_xi
21101,S. Moutoussamy,Congo DR,annual_current,1398410,True,player_below_80pct_coverage,upper90_can_enter_real_xi
21101,S. Moutoussamy,Congo DR,annual_current,1398424,True,player_below_80pct_coverage,upper90_can_enter_real_xi
21101,S. Moutoussamy,Congo DR,annual_current,1398433,True,player_below_80pct_coverage,upper90_can_enter_real_xi
21101,S. Moutoussamy,Congo DR,annual_current,1398444,True,player_below_80pct_coverage,upper90_can_enter_real_xi
21101,S. Moutoussamy,Congo DR,annual_current,1398447,True,player_below_80pct_coverage,upper90_can_enter_real_xi
21101,S. Moutoussamy,Congo DR,annual_current,1398463,True,player_below_80pct_coverage,upper90_can_enter_real_xi
21101,S. Moutoussamy,Congo DR,annual_current,1398471,True,player_below_80pct_coverage,upper90_can_enter_real_xi
21101,S. Moutoussamy,Congo DR,annual_current,1398483,True,player_below_80pct_coverage,upper90_can_enter_real_xi
21101,S. Moutoussamy,Congo DR,annual_current,1398513,True,player_below_80pct_coverage,upper90_can_enter_real_xi
21101,S. Moutoussamy,Congo DR,annual_current,1398516,True,player_below_80pct_coverage,upper90_can_enter_real_xi
21101,S. Moutoussamy,Congo DR,annual_current,1398533,True,player_below_80pct_coverage,upper90_can_enter_real_xi
21101,S. Moutoussamy,Congo DR,annual_current,1398544,True,player_below_80pct_coverage,upper90_can_enter_real_xi
21101,S. Moutoussamy,Congo DR,annual_current,1398551,True,player_below_80pct_coverage,upper90_can_enter_real_xi
21101,S. Moutoussamy,Congo DR,annual_current,1398564,True,player_below_80pct_coverage,upper90_can_enter_real_xi
21101,S. Moutoussamy,Congo DR,annual_current,1398565,True,player_below_80pct_coverage,upper90_can_enter_real_xi
21101,S. Moutoussamy,Congo DR,annual_current,1398592,True,player_below_80pct_coverage,upper90_can_enter_real_xi
21101,S. Moutoussamy,Congo DR,annual_current,1398604,True,player_below_80pct_coverage,upper90_can_enter_real_xi
21101,S. Moutoussamy,Congo DR,annual_current,1398607,True,player_below_80pct_coverage,upper90_can_enter_real_xi
21101,S. Moutoussamy,Congo DR,annual_current,1398624,True,player_below_80pct_coverage,upper90_can_enter_real_xi
21101,S. Moutoussamy,Congo DR,annual_current,1398631,True,player_below_80pct_coverage,upper90_can_enter_real_xi
21101,S. Moutoussamy,Congo DR,annual_current,1398644,True,player_below_80pct_coverage,upper90_can_enter_real_xi
21101,S. Moutoussamy,Congo DR,annual_current,1398646,True,player_below_80pct_coverage,upper90_can_enter_real_xi
21101,S. Moutoussamy,Congo DR,annual_current,1398663,True,player_below_80pct_coverage,upper90_can_enter_real_xi
21101,S. Moutoussamy,Congo DR,annual_current,1398668,True,player_below_80pct_coverage,upper90_can_enter_real_xi
21101,S. Moutoussamy,Congo DR,annual_current,1400744,True,player_below_80pct_coverage,upper90_can_enter_real_xi
21101,S. Moutoussamy,Congo DR,annual_current,1400759,True,player_below_80pct_coverage,upper90_can_enter_real_xi
21101,S. Moutoussamy,Congo DR,annual_current,1400761,True,player_below_80pct_coverage,upper90_can_enter_real_xi
21101,S. Moutoussamy,Congo DR,annual_current,1400794,True,player_below_80pct_coverage,upper90_can_enter_real_xi
21101,S. Moutoussamy,Congo DR,annual_current,1400803,True,player_below_80pct_coverage,upper90_can_enter_real_xi
21101,S. Moutoussamy,Congo DR,annual_current,1400819,True,player_below_80pct_coverage,upper90_can_enter_real_xi
21101,S. Moutoussamy,Congo DR,annual_current,1400857,True,player_below_80pct_coverage,upper90_can_enter_real_xi
21101,S. Moutoussamy,Congo DR,annual_current,1400867,True,player_below_80pct_coverage,upper90_can_enter_real_xi
21101,S. Moutoussamy,Congo DR,annual_current,1400882,True,player_below_80pct_coverage,upper90_can_enter_real_xi
21101,S. Moutoussamy,Congo DR,annual_current,1400890,True,player_below_80pct_coverage,upper90_can_enter_real_xi
21101,S. Moutoussamy,Congo DR,annual_current,1400896,True,player_below_80pct_coverage,upper90_can_enter_real_xi
21101,S. Moutoussamy,Congo DR,annual_current,1400901,True,player_below_80pct_coverage,upper90_can_enter_real_xi
21101,S. Moutoussamy,Congo DR,annual_current,1537081,True,player_below_80pct_coverage,upper90_can_enter_real_xi
21101,S. Moutoussamy,Congo DR,annual_current,1537088,True,player_below_80pct_coverage,upper90_can_enter_real_xi
21101,S. Moutoussamy,Congo DR,annual_current,1537092,True,player_below_80pct_coverage,upper90_can_enter_real_xi
21101,S. Moutoussamy,Congo DR,annual_current,1537094,True,player_below_80pct_coverage,upper90_can_enter_real_xi
21101,S. Moutoussamy,Congo DR,annual_current,1537098,True,player_below_80pct_coverage,upper90_can_enter_real_xi
21101,S. Moutoussamy,Congo DR,annual_current,1537108,True,player_below_80pct_coverage,upper90_can_enter_real_xi
21101,S. Moutoussamy,Congo DR,pre_world_cup,1398320,True,player_below_80pct_coverage,upper90_can_enter_real_xi
21101,S. Moutoussamy,Congo DR,pre_world_cup,1398333,True,player_below_80pct_coverage,upper90_can_enter_real_xi
21101,S. Moutoussamy,Congo DR,pre_world_cup,1398335,True,player_below_80pct_coverage,upper90_can_enter_real_xi
21101,S. Moutoussamy,Congo DR,pre_world_cup,1398349,True,player_below_80pct_coverage,upper90_can_enter_real_xi
21101,S. Moutoussamy,Congo DR,pre_world_cup,1398364,True,player_below_80pct_coverage,upper90_can_enter_real_xi
21101,S. Moutoussamy,Congo DR,pre_world_cup,1398374,True,player_below_80pct_coverage,upper90_can_enter_real_xi
21101,S. Moutoussamy,Congo DR,pre_world_cup,1398384,True,player_below_80pct_coverage,upper90_can_enter_real_xi
21101,S. Moutoussamy,Congo DR,pre_world_cup,1398404,True,player_below_80pct_coverage,upper90_can_enter_real_xi
21101,S. Moutoussamy,Congo DR,pre_world_cup,1398410,True,player_below_80pct_coverage,upper90_can_enter_real_xi
21101,S. Moutoussamy,Congo DR,pre_world_cup,1398424,True,player_below_80pct_coverage,upper90_can_enter_real_xi
21101,S. Moutoussamy,Congo DR,pre_world_cup,1398433,True,player_below_80pct_coverage,upper90_can_enter_real_xi
21101,S. Moutoussamy,Congo DR,pre_world_cup,1398444,True,player_below_80pct_coverage,upper90_can_enter_real_xi
21101,S. Moutoussamy,Congo DR,pre_world_cup,1398447,True,player_below_80pct_coverage,upper90_can_enter_real_xi
21101,S. Moutoussamy,Congo DR,pre_world_cup,1398463,True,player_below_80pct_coverage,upper90_can_enter_real_xi
21101,S. Moutoussamy,Congo DR,pre_world_cup,1398471,True,player_below_80pct_coverage,upper90_can_enter_real_xi
21101,S. Moutoussamy,Congo DR,pre_world_cup,1398483,True,player_below_80pct_coverage,upper90_can_enter_real_xi
21101,S. Moutoussamy,Congo DR,pre_world_cup,1398513,True,player_below_80pct_coverage,upper90_can_enter_real_xi
21101,S. Moutoussamy,Congo DR,pre_world_cup,1398516,True,player_below_80pct_coverage,upper90_can_enter_real_xi
21101,S. Moutoussamy,Congo DR,pre_world_cup,1398533,True,player_below_80pct_coverage,upper90_can_enter_real_xi
21101,S. Moutoussamy,Congo DR,pre_world_cup,1398544,True,player_below_80pct_coverage,upper90_can_enter_real_xi
21101,S. Moutoussamy,Congo DR,pre_world_cup,1398551,True,player_below_80pct_coverage,upper90_can_enter_real_xi
21101,S. Moutoussamy,Congo DR,pre_world_cup,1398564,True,player_below_80pct_coverage,upper90_can_enter_real_xi
21101,S. Moutoussamy,Congo DR,pre_world_cup,1398565,True,player_below_80pct_coverage,upper90_can_enter_real_xi
21101,S. Moutoussamy,Congo DR,pre_world_cup,1398592,True,player_below_80pct_coverage,upper90_can_enter_real_xi
21101,S. Moutoussamy,Congo DR,pre_world_cup,1398604,True,player_below_80pct_coverage,upper90_can_enter_real_xi
21101,S. Moutoussamy,Congo DR,pre_world_cup,1398607,True,player_below_80pct_coverage,upper90_can_enter_real_xi
21101,S. Moutoussamy,Congo DR,pre_world_cup,1398624,True,player_below_80pct_coverage,upper90_can_enter_real_xi
21101,S. Moutoussamy,Congo DR,pre_world_cup,1398631,True,player_below_80pct_coverage,upper90_can_enter_real_xi
21101,S. Moutoussamy,Congo DR,pre_world_cup,1398644,True,player_below_80pct_coverage,upper90_can_enter_real_xi
21101,S. Moutoussamy,Congo DR,pre_world_cup,1398646,True,player_below_80pct_coverage,upper90_can_enter_real_xi
21101,S. Moutoussamy,Congo DR,pre_world_cup,1398663,True,player_below_80pct_coverage,upper90_can_enter_real_xi
21101,S. Moutoussamy,Congo DR,pre_world_cup,1398668,True,player_below_80pct_coverage,upper90_can_enter_real_xi
21101,S. Moutoussamy,Congo DR,pre_world_cup,1400744,True,player_below_80pct_coverage,upper90_can_enter_real_xi
21101,S. Moutoussamy,Congo DR,pre_world_cup,1400759,True,player_below_80pct_coverage,upper90_can_enter_real_xi
21101,S. Moutoussamy,Congo DR,pre_world_cup,1400761,True,player_below_80pct_coverage,upper90_can_enter_real_xi
21101,S. Moutoussamy,Congo DR,pre_world_cup,1400794,True,player_below_80pct_coverage,upper90_can_enter_real_xi
21101,S. Moutoussamy,Congo DR,pre_world_cup,1400803,True,player_below_80pct_coverage,upper90_can_enter_real_xi
21101,S. Moutoussamy,Congo DR,pre_world_cup,1400819,True,player_below_80pct_coverage,upper90_can_enter_real_xi
21101,S. Moutoussamy,Congo DR,pre_world_cup,1400857,True,player_below_80pct_coverage,upper90_can_enter_real_xi
21101,S. Moutoussamy,Congo DR,pre_world_cup,1400867,True,player_below_80pct_coverage,upper90_can_enter_real_xi
21101,S. Moutoussamy,Congo DR,pre_world_cup,1400882,True,player_below_80pct_coverage,upper90_can_enter_real_xi
21101,S. Moutoussamy,Congo DR,pre_world_cup,1400890,True,player_below_80pct_coverage,upper90_can_enter_real_xi
21101,S. Moutoussamy,Congo DR,pre_world_cup,1400896,True,player_below_80pct_coverage,upper90_can_enter_real_xi
21101,S. Moutoussamy,Congo DR,pre_world_cup,1400901,True,player_below_80pct_coverage,upper90_can_enter_real_xi
21101,S. Moutoussamy,Congo DR,pre_world_cup,1537081,True,player_below_80pct_coverage,upper90_can_enter_real_xi
21101,S. Moutoussamy,Congo DR,pre_world_cup,1537088,True,player_below_80pct_coverage,upper90_can_enter_real_xi
21101,S. Moutoussamy,Congo DR,pre_world_cup,1537092,True,player_below_80pct_coverage,upper90_can_enter_real_xi
21101,S. Moutoussamy,Congo DR,pre_world_cup,1537094,True,player_below_80pct_coverage,upper90_can_enter_real_xi
21101,S. Moutoussamy,Congo DR,pre_world_cup,1537098,True,player_below_80pct_coverage,upper90_can_enter_real_xi
21101,S. Moutoussamy,Congo DR,pre_world_cup,1537108,True,player_below_80pct_coverage,upper90_can_enter_real_xi
29781,M. Ghaedi,Iran,annual_current,1415929,False,player_below_80pct_coverage,upper90_can_enter_real_xi
29781,M. Ghaedi,Iran,annual_current,1446915,False,player_below_80pct_coverage,upper90_can_enter_real_xi
29781,M. Ghaedi,Iran,annual_current,1446921,False,player_below_80pct_coverage,upper90_can_enter_real_xi
29781,M. Ghaedi,Iran,annual_current,1481740,False,player_below_80pct_coverage,upper90_can_enter_real_xi
29781,M. Ghaedi,Iran,annual_current,1485351,False,player_below_80pct_coverage,upper90_can_enter_real_xi
29781,M. Ghaedi,Iran,annual_current,1485355,False,player_below_80pct_coverage,upper90_can_enter_real_xi
29781,M. Ghaedi,Iran,annual_current,1485363,False,player_below_80pct_coverage,upper90_can_enter_real_xi
29781,M. Ghaedi,Iran,annual_current,1501828,False,player_below_80pct_coverage,upper90_can_enter_real_xi
29781,M. Ghaedi,Iran,annual_current,1505587,False,player_below_80pct_coverage,upper90_can_enter_real_xi
29781,M. Ghaedi,Iran,annual_current,1505606,False,player_below_80pct_coverage,upper90_can_enter_real_xi
29781,M. Ghaedi,Iran,annual_current,1505613,False,player_below_80pct_coverage,upper90_can_enter_real_xi
29781,M. Ghaedi,Iran,annual_current,1521239,False,player_below_80pct_coverage,upper90_can_enter_real_xi
29781,M. Ghaedi,Iran,annual_current,1537629,False,player_below_80pct_coverage,upper90_can_enter_real_xi
29781,M. Ghaedi,Iran,annual_current,1544963,False,player_below_80pct_coverage,upper90_can_enter_real_xi
29781,M. Ghaedi,Iran,pre_world_cup,1415929,False,player_below_80pct_coverage,upper90_can_enter_real_xi
29781,M. Ghaedi,Iran,pre_world_cup,1446915,False,player_below_80pct_coverage,upper90_can_enter_real_xi
29781,M. Ghaedi,Iran,pre_world_cup,1446921,False,player_below_80pct_coverage,upper90_can_enter_real_xi
29781,M. Ghaedi,Iran,pre_world_cup,1481740,False,player_below_80pct_coverage,upper90_can_enter_real_xi
29781,M. Ghaedi,Iran,pre_world_cup,1485351,False,player_below_80pct_coverage,upper90_can_enter_real_xi
29781,M. Ghaedi,Iran,pre_world_cup,1485355,False,player_below_80pct_coverage,upper90_can_enter_real_xi
29781,M. Ghaedi,Iran,pre_world_cup,1485363,False,player_below_80pct_coverage,upper90_can_enter_real_xi
29781,M. Ghaedi,Iran,pre_world_cup,1501828,False,player_below_80pct_coverage,upper90_can_enter_real_xi
29781,M. Ghaedi,Iran,pre_world_cup,1505587,False,player_below_80pct_coverage,upper90_can_enter_real_xi
29781,M. Ghaedi,Iran,pre_world_cup,1505606,False,player_below_80pct_coverage,upper90_can_enter_real_xi
29781,M. Ghaedi,Iran,pre_world_cup,1505613,False,player_below_80pct_coverage,upper90_can_enter_real_xi
29781,M. Ghaedi,Iran,pre_world_cup,1521239,False,player_below_80pct_coverage,upper90_can_enter_real_xi
29781,M. Ghaedi,Iran,pre_world_cup,1537629,False,player_below_80pct_coverage,upper90_can_enter_real_xi
29781,M. Ghaedi,Iran,pre_world_cup,1544963,False,player_below_80pct_coverage,upper90_can_enter_real_xi
34418,Kim Tae-Hyeon,South Korea,annual_current,1324182,True,player_below_80pct_coverage,upper90_can_enter_real_xi
34418,Kim Tae-Hyeon,South Korea,annual_current,1324202,True,player_below_80pct_coverage,upper90_can_enter_real_xi
34418,Kim Tae-Hyeon,South Korea,annual_current,1324216,True,player_below_80pct_coverage,upper90_can_enter_real_xi
34418,Kim Tae-Hyeon,South Korea,annual_current,1324227,True,player_below_80pct_coverage,upper90_can_enter_real_xi
34418,Kim Tae-Hyeon,South Korea,annual_current,1324242,True,player_below_80pct_coverage,upper90_can_enter_real_xi
34418,Kim Tae-Hyeon,South Korea,annual_current,1324252,True,player_below_80pct_coverage,upper90_can_enter_real_xi
34418,Kim Tae-Hyeon,South Korea,annual_current,1324267,True,player_below_80pct_coverage,upper90_can_enter_real_xi
34418,Kim Tae-Hyeon,South Korea,annual_current,1324273,True,player_below_80pct_coverage,upper90_can_enter_real_xi
34418,Kim Tae-Hyeon,South Korea,annual_current,1324289,True,player_below_80pct_coverage,upper90_can_enter_real_xi
34418,Kim Tae-Hyeon,South Korea,annual_current,1324299,True,player_below_80pct_coverage,upper90_can_enter_real_xi
34418,Kim Tae-Hyeon,South Korea,annual_current,1324302,True,player_below_80pct_coverage,upper90_can_enter_real_xi
34418,Kim Tae-Hyeon,South Korea,annual_current,1324312,True,player_below_80pct_coverage,upper90_can_enter_real_xi
34418,Kim Tae-Hyeon,South Korea,annual_current,1324322,True,player_below_80pct_coverage,upper90_can_enter_real_xi
34418,Kim Tae-Hyeon,South Korea,annual_current,1501309,True,player_below_80pct_coverage,upper90_can_enter_real_xi
34418,Kim Tae-Hyeon,South Korea,annual_current,1504674,True,player_below_80pct_coverage,upper90_can_enter_real_xi
34418,Kim Tae-Hyeon,South Korea,annual_current,1504683,True,player_below_80pct_coverage,upper90_can_enter_real_xi
34418,Kim Tae-Hyeon,South Korea,annual_current,1504695,True,player_below_80pct_coverage,upper90_can_enter_real_xi
34418,Kim Tae-Hyeon,South Korea,annual_current,1504705,True,player_below_80pct_coverage,upper90_can_enter_real_xi
34418,Kim Tae-Hyeon,South Korea,pre_world_cup,1324142,True,player_below_80pct_coverage,upper90_can_enter_real_xi
34418,Kim Tae-Hyeon,South Korea,pre_world_cup,1324153,True,player_below_80pct_coverage,upper90_can_enter_real_xi
34418,Kim Tae-Hyeon,South Korea,pre_world_cup,1324162,True,player_below_80pct_coverage,upper90_can_enter_real_xi
34418,Kim Tae-Hyeon,South Korea,pre_world_cup,1324174,True,player_below_80pct_coverage,upper90_can_enter_real_xi
34418,Kim Tae-Hyeon,South Korea,pre_world_cup,1324182,True,player_below_80pct_coverage,upper90_can_enter_real_xi
34418,Kim Tae-Hyeon,South Korea,pre_world_cup,1324202,True,player_below_80pct_coverage,upper90_can_enter_real_xi
34418,Kim Tae-Hyeon,South Korea,pre_world_cup,1324216,True,player_below_80pct_coverage,upper90_can_enter_real_xi
34418,Kim Tae-Hyeon,South Korea,pre_world_cup,1324227,True,player_below_80pct_coverage,upper90_can_enter_real_xi
34418,Kim Tae-Hyeon,South Korea,pre_world_cup,1324242,True,player_below_80pct_coverage,upper90_can_enter_real_xi
34418,Kim Tae-Hyeon,South Korea,pre_world_cup,1324252,True,player_below_80pct_coverage,upper90_can_enter_real_xi
34418,Kim Tae-Hyeon,South Korea,pre_world_cup,1324267,True,player_below_80pct_coverage,upper90_can_enter_real_xi
34418,Kim Tae-Hyeon,South Korea,pre_world_cup,1324273,True,player_below_80pct_coverage,upper90_can_enter_real_xi
34418,Kim Tae-Hyeon,South Korea,pre_world_cup,1324289,True,player_below_80pct_coverage,upper90_can_enter_real_xi
34418,Kim Tae-Hyeon,South Korea,pre_world_cup,1324299,True,player_below_80pct_coverage,upper90_can_enter_real_xi
34418,Kim Tae-Hyeon,South Korea,pre_world_cup,1324302,True,player_below_80pct_coverage,upper90_can_enter_real_xi
34418,Kim Tae-Hyeon,South Korea,pre_world_cup,1324312,True,player_below_80pct_coverage,upper90_can_enter_real_xi
34418,Kim Tae-Hyeon,South Korea,pre_world_cup,1324322,True,player_below_80pct_coverage,upper90_can_enter_real_xi
34418,Kim Tae-Hyeon,South Korea,pre_world_cup,1501309,True,player_below_80pct_coverage,upper90_can_enter_real_xi
34418,Kim Tae-Hyeon,South Korea,pre_world_cup,1504674,True,player_below_80pct_coverage,upper90_can_enter_real_xi
34418,Kim Tae-Hyeon,South Korea,pre_world_cup,1504683,True,player_below_80pct_coverage,upper90_can_enter_real_xi
34418,Kim Tae-Hyeon,South Korea,pre_world_cup,1504695,True,player_below_80pct_coverage,upper90_can_enter_real_xi
34418,Kim Tae-Hyeon,South Korea,pre_world_cup,1504705,True,player_below_80pct_coverage,upper90_can_enter_real_xi
50272,O. Shukurov,Uzbekistan,annual_current,1415922,True,player_below_80pct_coverage,high_ability_role_stabilization
50272,O. Shukurov,Uzbekistan,annual_current,1446914,True,player_below_80pct_coverage,high_ability_role_stabilization
50272,O. Shukurov,Uzbekistan,annual_current,1446926,True,player_below_80pct_coverage,high_ability_role_stabilization
50272,O. Shukurov,Uzbekistan,annual_current,1481742,True,player_below_80pct_coverage,high_ability_role_stabilization
50272,O. Shukurov,Uzbekistan,annual_current,1485335,True,player_below_80pct_coverage,high_ability_role_stabilization
50272,O. Shukurov,Uzbekistan,annual_current,1485345,True,player_below_80pct_coverage,high_ability_role_stabilization
50272,O. Shukurov,Uzbekistan,annual_current,1485351,True,player_below_80pct_coverage,high_ability_role_stabilization
50272,O. Shukurov,Uzbekistan,annual_current,1501828,True,player_below_80pct_coverage,high_ability_role_stabilization
50272,O. Shukurov,Uzbekistan,annual_current,1505592,True,player_below_80pct_coverage,high_ability_role_stabilization
50272,O. Shukurov,Uzbekistan,annual_current,1505599,True,player_below_80pct_coverage,high_ability_role_stabilization
50272,O. Shukurov,Uzbekistan,annual_current,1521244,True,player_below_80pct_coverage,high_ability_role_stabilization
50272,O. Shukurov,Uzbekistan,annual_current,1535132,True,player_below_80pct_coverage,high_ability_role_stabilization
50272,O. Shukurov,Uzbekistan,annual_current,1537627,True,player_below_80pct_coverage,high_ability_role_stabilization
50272,O. Shukurov,Uzbekistan,annual_current,1542136,True,player_below_80pct_coverage,high_ability_role_stabilization
50272,O. Shukurov,Uzbekistan,pre_world_cup,1415922,True,player_below_80pct_coverage,high_ability_role_stabilization
50272,O. Shukurov,Uzbekistan,pre_world_cup,1446914,True,player_below_80pct_coverage,high_ability_role_stabilization
50272,O. Shukurov,Uzbekistan,pre_world_cup,1446926,True,player_below_80pct_coverage,high_ability_role_stabilization
50272,O. Shukurov,Uzbekistan,pre_world_cup,1481742,True,player_below_80pct_coverage,high_ability_role_stabilization
50272,O. Shukurov,Uzbekistan,pre_world_cup,1485335,True,player_below_80pct_coverage,high_ability_role_stabilization
50272,O. Shukurov,Uzbekistan,pre_world_cup,1485345,True,player_below_80pct_coverage,high_ability_role_stabilization
50272,O. Shukurov,Uzbekistan,pre_world_cup,1485351,True,player_below_80pct_coverage,high_ability_role_stabilization
50272,O. Shukurov,Uzbekistan,pre_world_cup,1501828,True,player_below_80pct_coverage,high_ability_role_stabilization
50272,O. Shukurov,Uzbekistan,pre_world_cup,1505592,True,player_below_80pct_coverage,high_ability_role_stabilization
50272,O. Shukurov,Uzbekistan,pre_world_cup,1505599,True,player_below_80pct_coverage,high_ability_role_stabilization
50272,O. Shukurov,Uzbekistan,pre_world_cup,1521244,True,player_below_80pct_coverage,high_ability_role_stabilization
50272,O. Shukurov,Uzbekistan,pre_world_cup,1535132,True,player_below_80pct_coverage,high_ability_role_stabilization
50272,O. Shukurov,Uzbekistan,pre_world_cup,1537627,True,player_below_80pct_coverage,high_ability_role_stabilization
50272,O. Shukurov,Uzbekistan,pre_world_cup,1542136,True,player_below_80pct_coverage,high_ability_role_stabilization
73514,S. Nasrullayev,Uzbekistan,annual_current,1438760,True,player_below_80pct_coverage,upper90_can_enter_real_xi
89982,S. Moghanlou,Iran,annual_current,1446905,False,player_below_80pct_coverage,upper90_can_enter_real_xi
89982,S. Moghanlou,Iran,annual_current,1446909,False,player_below_80pct_coverage,upper90_can_enter_real_xi
89982,S. Moghanlou,Iran,annual_current,1446928,False,player_below_80pct_coverage,upper90_can_enter_real_xi
89982,S. Moghanlou,Iran,annual_current,1485352,False,player_below_80pct_coverage,upper90_can_enter_real_xi
89982,S. Moghanlou,Iran,annual_current,1485357,False,player_below_80pct_coverage,upper90_can_enter_real_xi
89982,S. Moghanlou,Iran,annual_current,1485366,False,player_below_80pct_coverage,upper90_can_enter_real_xi
89982,S. Moghanlou,Iran,annual_current,1505593,False,player_below_80pct_coverage,upper90_can_enter_real_xi
89982,S. Moghanlou,Iran,annual_current,1505605,False,player_below_80pct_coverage,upper90_can_enter_real_xi
89982,S. Moghanlou,Iran,annual_current,1505611,False,player_below_80pct_coverage,upper90_can_enter_real_xi
89982,S. Moghanlou,Iran,pre_world_cup,1446905,False,player_below_80pct_coverage,upper90_can_enter_real_xi
89982,S. Moghanlou,Iran,pre_world_cup,1446909,False,player_below_80pct_coverage,upper90_can_enter_real_xi
89982,S. Moghanlou,Iran,pre_world_cup,1446928,False,player_below_80pct_coverage,upper90_can_enter_real_xi
89982,S. Moghanlou,Iran,pre_world_cup,1485352,False,player_below_80pct_coverage,upper90_can_enter_real_xi
89982,S. Moghanlou,Iran,pre_world_cup,1485357,False,player_below_80pct_coverage,upper90_can_enter_real_xi
89982,S. Moghanlou,Iran,pre_world_cup,1485366,False,player_below_80pct_coverage,upper90_can_enter_real_xi
89982,S. Moghanlou,Iran,pre_world_cup,1505593,False,player_below_80pct_coverage,upper90_can_enter_real_xi
89982,S. Moghanlou,Iran,pre_world_cup,1505605,False,player_below_80pct_coverage,upper90_can_enter_real_xi
89982,S. Moghanlou,Iran,pre_world_cup,1505611,False,player_below_80pct_coverage,upper90_can_enter_real_xi
129670,N. Mbuku,Congo DR,annual_current,1389126,True,player_below_80pct_coverage,upper90_can_enter_real_xi
129670,N. Mbuku,Congo DR,annual_current,1389135,True,player_below_80pct_coverage,upper90_can_enter_real_xi
129670,N. Mbuku,Congo DR,annual_current,1389147,True,player_below_80pct_coverage,upper90_can_enter_real_xi
129670,N. Mbuku,Congo DR,annual_current,1389162,True,player_below_80pct_coverage,upper90_can_enter_real_xi
129670,N. Mbuku,Congo DR,annual_current,1389174,True,player_below_80pct_coverage,upper90_can_enter_real_xi
129670,N. Mbuku,Congo DR,annual_current,1389189,True,player_below_80pct_coverage,upper90_can_enter_real_xi
129670,N. Mbuku,Congo DR,annual_current,1389222,True,player_below_80pct_coverage,upper90_can_enter_real_xi
129670,N. Mbuku,Congo DR,annual_current,1389235,True,player_below_80pct_coverage,upper90_can_enter_real_xi
129670,N. Mbuku,Congo DR,annual_current,1389239,True,player_below_80pct_coverage,upper90_can_enter_real_xi
129670,N. Mbuku,Congo DR,annual_current,1389257,True,player_below_80pct_coverage,upper90_can_enter_real_xi
129670,N. Mbuku,Congo DR,annual_current,1389267,True,player_below_80pct_coverage,upper90_can_enter_real_xi
129670,N. Mbuku,Congo DR,annual_current,1389281,True,player_below_80pct_coverage,upper90_can_enter_real_xi
129670,N. Mbuku,Congo DR,annual_current,1389304,True,player_below_80pct_coverage,upper90_can_enter_real_xi
129670,N. Mbuku,Congo DR,annual_current,1389321,True,player_below_80pct_coverage,upper90_can_enter_real_xi
129670,N. Mbuku,Congo DR,annual_current,1389329,True,player_below_80pct_coverage,upper90_can_enter_real_xi
129670,N. Mbuku,Congo DR,annual_current,1389343,True,player_below_80pct_coverage,upper90_can_enter_real_xi
129670,N. Mbuku,Congo DR,annual_current,1389358,True,player_below_80pct_coverage,upper90_can_enter_real_xi
129670,N. Mbuku,Congo DR,annual_current,1389367,True,player_below_80pct_coverage,upper90_can_enter_real_xi
129670,N. Mbuku,Congo DR,annual_current,1389377,True,player_below_80pct_coverage,upper90_can_enter_real_xi
129670,N. Mbuku,Congo DR,annual_current,1389387,True,player_below_80pct_coverage,upper90_can_enter_real_xi
129670,N. Mbuku,Congo DR,annual_current,1389396,True,player_below_80pct_coverage,upper90_can_enter_real_xi
129670,N. Mbuku,Congo DR,annual_current,1389405,True,player_below_80pct_coverage,upper90_can_enter_real_xi
129670,N. Mbuku,Congo DR,annual_current,1389406,True,player_below_80pct_coverage,upper90_can_enter_real_xi
129670,N. Mbuku,Congo DR,annual_current,1396828,True,player_below_80pct_coverage,upper90_can_enter_real_xi
129670,N. Mbuku,Congo DR,annual_current,1485861,True,player_below_80pct_coverage,upper90_can_enter_real_xi
129670,N. Mbuku,Congo DR,annual_current,1486807,True,player_below_80pct_coverage,upper90_can_enter_real_xi
129670,N. Mbuku,Congo DR,annual_current,1488830,True,player_below_80pct_coverage,upper90_can_enter_real_xi
129670,N. Mbuku,Congo DR,annual_current,1495627,True,player_below_80pct_coverage,upper90_can_enter_real_xi
129670,N. Mbuku,Congo DR,pre_world_cup,1389126,True,player_below_80pct_coverage,upper90_can_enter_real_xi
129670,N. Mbuku,Congo DR,pre_world_cup,1389135,True,player_below_80pct_coverage,upper90_can_enter_real_xi
129670,N. Mbuku,Congo DR,pre_world_cup,1389147,True,player_below_80pct_coverage,upper90_can_enter_real_xi
129670,N. Mbuku,Congo DR,pre_world_cup,1389162,True,player_below_80pct_coverage,upper90_can_enter_real_xi
129670,N. Mbuku,Congo DR,pre_world_cup,1389174,True,player_below_80pct_coverage,upper90_can_enter_real_xi
129670,N. Mbuku,Congo DR,pre_world_cup,1389189,True,player_below_80pct_coverage,upper90_can_enter_real_xi
129670,N. Mbuku,Congo DR,pre_world_cup,1389222,True,player_below_80pct_coverage,upper90_can_enter_real_xi
129670,N. Mbuku,Congo DR,pre_world_cup,1389235,True,player_below_80pct_coverage,upper90_can_enter_real_xi
129670,N. Mbuku,Congo DR,pre_world_cup,1389239,True,player_below_80pct_coverage,upper90_can_enter_real_xi
129670,N. Mbuku,Congo DR,pre_world_cup,1389257,True,player_below_80pct_coverage,upper90_can_enter_real_xi
129670,N. Mbuku,Congo DR,pre_world_cup,1389267,True,player_below_80pct_coverage,upper90_can_enter_real_xi
129670,N. Mbuku,Congo DR,pre_world_cup,1389281,True,player_below_80pct_coverage,upper90_can_enter_real_xi
129670,N. Mbuku,Congo DR,pre_world_cup,1389304,True,player_below_80pct_coverage,upper90_can_enter_real_xi
129670,N. Mbuku,Congo DR,pre_world_cup,1389321,True,player_below_80pct_coverage,upper90_can_enter_real_xi
129670,N. Mbuku,Congo DR,pre_world_cup,1389329,True,player_below_80pct_coverage,upper90_can_enter_real_xi
129670,N. Mbuku,Congo DR,pre_world_cup,1389343,True,player_below_80pct_coverage,upper90_can_enter_real_xi
129670,N. Mbuku,Congo DR,pre_world_cup,1389358,True,player_below_80pct_coverage,upper90_can_enter_real_xi
129670,N. Mbuku,Congo DR,pre_world_cup,1389367,True,player_below_80pct_coverage,upper90_can_enter_real_xi
129670,N. Mbuku,Congo DR,pre_world_cup,1389377,True,player_below_80pct_coverage,upper90_can_enter_real_xi
129670,N. Mbuku,Congo DR,pre_world_cup,1389387,True,player_below_80pct_coverage,upper90_can_enter_real_xi
129670,N. Mbuku,Congo DR,pre_world_cup,1389396,True,player_below_80pct_coverage,upper90_can_enter_real_xi
129670,N. Mbuku,Congo DR,pre_world_cup,1389405,True,player_below_80pct_coverage,upper90_can_enter_real_xi
129670,N. Mbuku,Congo DR,pre_world_cup,1389406,True,player_below_80pct_coverage,upper90_can_enter_real_xi
129670,N. Mbuku,Congo DR,pre_world_cup,1396828,True,player_below_80pct_coverage,upper90_can_enter_real_xi
129670,N. Mbuku,Congo DR,pre_world_cup,1485861,True,player_below_80pct_coverage,upper90_can_enter_real_xi
129670,N. Mbuku,Congo DR,pre_world_cup,1486807,True,player_below_80pct_coverage,upper90_can_enter_real_xi
129670,N. Mbuku,Congo DR,pre_world_cup,1488830,True,player_below_80pct_coverage,upper90_can_enter_real_xi
129670,N. Mbuku,Congo DR,pre_world_cup,1495627,True,player_below_80pct_coverage,upper90_can_enter_real_xi
144709,J. Anang,Ghana,annual_current,1340648,True,player_below_80pct_coverage,upper90_can_enter_real_xi
144709,J. Anang,Ghana,annual_current,1340655,True,player_below_80pct_coverage,upper90_can_enter_real_xi
144709,J. Anang,Ghana,annual_current,1340657,True,player_below_80pct_coverage,upper90_can_enter_real_xi
144709,J. Anang,Ghana,annual_current,1340662,True,player_below_80pct_coverage,upper90_can_enter_real_xi
144709,J. Anang,Ghana,annual_current,1340669,True,player_below_80pct_coverage,upper90_can_enter_real_xi
144709,J. Anang,Ghana,annual_current,1340674,True,player_below_80pct_coverage,upper90_can_enter_real_xi
144709,J. Anang,Ghana,annual_current,1340680,True,player_below_80pct_coverage,upper90_can_enter_real_xi
144709,J. Anang,Ghana,annual_current,1340681,True,player_below_80pct_coverage,upper90_can_enter_real_xi
144709,J. Anang,Ghana,annual_current,1340694,True,player_below_80pct_coverage,upper90_can_enter_real_xi
144709,J. Anang,Ghana,annual_current,1340699,True,player_below_80pct_coverage,upper90_can_enter_real_xi
144709,J. Anang,Ghana,annual_current,1410032,True,player_below_80pct_coverage,upper90_can_enter_real_xi
144709,J. Anang,Ghana,annual_current,1410044,True,player_below_80pct_coverage,upper90_can_enter_real_xi
144709,J. Anang,Ghana,annual_current,1492620,True,player_below_80pct_coverage,upper90_can_enter_real_xi
144709,J. Anang,Ghana,annual_current,1492624,True,player_below_80pct_coverage,upper90_can_enter_real_xi
144709,J. Anang,Ghana,annual_current,1492635,True,player_below_80pct_coverage,upper90_can_enter_real_xi
144709,J. Anang,Ghana,annual_current,1492637,True,player_below_80pct_coverage,upper90_can_enter_real_xi
144709,J. Anang,Ghana,annual_current,1492645,True,player_below_80pct_coverage,upper90_can_enter_real_xi
144709,J. Anang,Ghana,annual_current,1492650,True,player_below_80pct_coverage,upper90_can_enter_real_xi
144709,J. Anang,Ghana,annual_current,1492653,True,player_below_80pct_coverage,upper90_can_enter_real_xi
144709,J. Anang,Ghana,annual_current,1492659,True,player_below_80pct_coverage,upper90_can_enter_real_xi
144709,J. Anang,Ghana,annual_current,1492663,True,player_below_80pct_coverage,upper90_can_enter_real_xi
144709,J. Anang,Ghana,annual_current,1492671,True,player_below_80pct_coverage,upper90_can_enter_real_xi
144709,J. Anang,Ghana,annual_current,1492678,True,player_below_80pct_coverage,upper90_can_enter_real_xi
144709,J. Anang,Ghana,annual_current,1492684,True,player_below_80pct_coverage,upper90_can_enter_real_xi
144709,J. Anang,Ghana,annual_current,1492689,True,player_below_80pct_coverage,upper90_can_enter_real_xi
144709,J. Anang,Ghana,annual_current,1492695,True,player_below_80pct_coverage,upper90_can_enter_real_xi
144709,J. Anang,Ghana,annual_current,1492698,True,player_below_80pct_coverage,upper90_can_enter_real_xi
144709,J. Anang,Ghana,annual_current,1492701,True,player_below_80pct_coverage,upper90_can_enter_real_xi
144709,J. Anang,Ghana,annual_current,1492714,True,player_below_80pct_coverage,upper90_can_enter_real_xi
144709,J. Anang,Ghana,annual_current,1492719,True,player_below_80pct_coverage,upper90_can_enter_real_xi
144709,J. Anang,Ghana,annual_current,1492721,True,player_below_80pct_coverage,upper90_can_enter_real_xi
144709,J. Anang,Ghana,annual_current,1492729,True,player_below_80pct_coverage,upper90_can_enter_real_xi
144709,J. Anang,Ghana,annual_current,1492735,True,player_below_80pct_coverage,upper90_can_enter_real_xi
144709,J. Anang,Ghana,pre_world_cup,1340614,True,player_below_80pct_coverage,upper90_can_enter_real_xi
144709,J. Anang,Ghana,pre_world_cup,1340617,True,player_below_80pct_coverage,upper90_can_enter_real_xi
144709,J. Anang,Ghana,pre_world_cup,1340624,True,player_below_80pct_coverage,upper90_can_enter_real_xi
144709,J. Anang,Ghana,pre_world_cup,1340627,True,player_below_80pct_coverage,upper90_can_enter_real_xi
144709,J. Anang,Ghana,pre_world_cup,1340634,True,player_below_80pct_coverage,upper90_can_enter_real_xi
144709,J. Anang,Ghana,pre_world_cup,1340642,True,player_below_80pct_coverage,upper90_can_enter_real_xi
144709,J. Anang,Ghana,pre_world_cup,1340648,True,player_below_80pct_coverage,upper90_can_enter_real_xi
144709,J. Anang,Ghana,pre_world_cup,1340655,True,player_below_80pct_coverage,upper90_can_enter_real_xi
144709,J. Anang,Ghana,pre_world_cup,1340657,True,player_below_80pct_coverage,upper90_can_enter_real_xi
144709,J. Anang,Ghana,pre_world_cup,1340662,True,player_below_80pct_coverage,upper90_can_enter_real_xi
144709,J. Anang,Ghana,pre_world_cup,1340669,True,player_below_80pct_coverage,upper90_can_enter_real_xi
144709,J. Anang,Ghana,pre_world_cup,1340674,True,player_below_80pct_coverage,upper90_can_enter_real_xi
144709,J. Anang,Ghana,pre_world_cup,1340680,True,player_below_80pct_coverage,upper90_can_enter_real_xi
144709,J. Anang,Ghana,pre_world_cup,1340681,True,player_below_80pct_coverage,upper90_can_enter_real_xi
144709,J. Anang,Ghana,pre_world_cup,1340694,True,player_below_80pct_coverage,upper90_can_enter_real_xi
144709,J. Anang,Ghana,pre_world_cup,1340699,True,player_below_80pct_coverage,upper90_can_enter_real_xi
144709,J. Anang,Ghana,pre_world_cup,1383477,True,player_below_80pct_coverage,upper90_can_enter_real_xi
144709,J. Anang,Ghana,pre_world_cup,1383486,True,player_below_80pct_coverage,upper90_can_enter_real_xi
144709,J. Anang,Ghana,pre_world_cup,1410032,True,player_below_80pct_coverage,upper90_can_enter_real_xi
144709,J. Anang,Ghana,pre_world_cup,1410044,True,player_below_80pct_coverage,upper90_can_enter_real_xi
144709,J. Anang,Ghana,pre_world_cup,1492620,True,player_below_80pct_coverage,upper90_can_enter_real_xi
144709,J. Anang,Ghana,pre_world_cup,1492624,True,player_below_80pct_coverage,upper90_can_enter_real_xi
144709,J. Anang,Ghana,pre_world_cup,1492635,True,player_below_80pct_coverage,upper90_can_enter_real_xi
144709,J. Anang,Ghana,pre_world_cup,1492637,True,player_below_80pct_coverage,upper90_can_enter_real_xi
144709,J. Anang,Ghana,pre_world_cup,1492645,True,player_below_80pct_coverage,upper90_can_enter_real_xi
144709,J. Anang,Ghana,pre_world_cup,1492650,True,player_below_80pct_coverage,upper90_can_enter_real_xi
144709,J. Anang,Ghana,pre_world_cup,1492653,True,player_below_80pct_coverage,upper90_can_enter_real_xi
144709,J. Anang,Ghana,pre_world_cup,1492659,True,player_below_80pct_coverage,upper90_can_enter_real_xi
144709,J. Anang,Ghana,pre_world_cup,1492663,True,player_below_80pct_coverage,upper90_can_enter_real_xi
144709,J. Anang,Ghana,pre_world_cup,1492671,True,player_below_80pct_coverage,upper90_can_enter_real_xi
144709,J. Anang,Ghana,pre_world_cup,1492678,True,player_below_80pct_coverage,upper90_can_enter_real_xi
144709,J. Anang,Ghana,pre_world_cup,1492684,True,player_below_80pct_coverage,upper90_can_enter_real_xi
144709,J. Anang,Ghana,pre_world_cup,1492689,True,player_below_80pct_coverage,upper90_can_enter_real_xi
144709,J. Anang,Ghana,pre_world_cup,1492695,True,player_below_80pct_coverage,upper90_can_enter_real_xi
144709,J. Anang,Ghana,pre_world_cup,1492698,True,player_below_80pct_coverage,upper90_can_enter_real_xi
144709,J. Anang,Ghana,pre_world_cup,1492701,True,player_below_80pct_coverage,upper90_can_enter_real_xi
304782,T. Hayakawa,Japan,annual_current,1324182,True,player_below_80pct_coverage,upper90_can_enter_real_xi
304782,T. Hayakawa,Japan,annual_current,1324202,True,player_below_80pct_coverage,upper90_can_enter_real_xi
304782,T. Hayakawa,Japan,annual_current,1324216,True,player_below_80pct_coverage,upper90_can_enter_real_xi
304782,T. Hayakawa,Japan,annual_current,1324227,True,player_below_80pct_coverage,upper90_can_enter_real_xi
304782,T. Hayakawa,Japan,annual_current,1324242,True,player_below_80pct_coverage,upper90_can_enter_real_xi
304782,T. Hayakawa,Japan,annual_current,1324252,True,player_below_80pct_coverage,upper90_can_enter_real_xi
304782,T. Hayakawa,Japan,annual_current,1324267,True,player_below_80pct_coverage,upper90_can_enter_real_xi
304782,T. Hayakawa,Japan,annual_current,1324273,True,player_below_80pct_coverage,upper90_can_enter_real_xi
304782,T. Hayakawa,Japan,annual_current,1324289,True,player_below_80pct_coverage,upper90_can_enter_real_xi
304782,T. Hayakawa,Japan,annual_current,1324299,True,player_below_80pct_coverage,upper90_can_enter_real_xi
304782,T. Hayakawa,Japan,annual_current,1324302,True,player_below_80pct_coverage,upper90_can_enter_real_xi
304782,T. Hayakawa,Japan,annual_current,1324312,True,player_below_80pct_coverage,upper90_can_enter_real_xi
304782,T. Hayakawa,Japan,annual_current,1324322,True,player_below_80pct_coverage,upper90_can_enter_real_xi
304782,T. Hayakawa,Japan,annual_current,1501309,True,player_below_80pct_coverage,upper90_can_enter_real_xi
304782,T. Hayakawa,Japan,annual_current,1504674,True,player_below_80pct_coverage,upper90_can_enter_real_xi
304782,T. Hayakawa,Japan,annual_current,1504683,True,player_below_80pct_coverage,upper90_can_enter_real_xi
304782,T. Hayakawa,Japan,annual_current,1504695,True,player_below_80pct_coverage,upper90_can_enter_real_xi
304782,T. Hayakawa,Japan,annual_current,1504705,True,player_below_80pct_coverage,upper90_can_enter_real_xi
304782,T. Hayakawa,Japan,pre_world_cup,1324142,True,player_below_80pct_coverage,upper90_can_enter_real_xi
304782,T. Hayakawa,Japan,pre_world_cup,1324153,True,player_below_80pct_coverage,upper90_can_enter_real_xi
304782,T. Hayakawa,Japan,pre_world_cup,1324162,True,player_below_80pct_coverage,upper90_can_enter_real_xi
304782,T. Hayakawa,Japan,pre_world_cup,1324174,True,player_below_80pct_coverage,upper90_can_enter_real_xi
304782,T. Hayakawa,Japan,pre_world_cup,1324182,True,player_below_80pct_coverage,upper90_can_enter_real_xi
304782,T. Hayakawa,Japan,pre_world_cup,1324202,True,player_below_80pct_coverage,upper90_can_enter_real_xi
304782,T. Hayakawa,Japan,pre_world_cup,1324216,True,player_below_80pct_coverage,upper90_can_enter_real_xi
304782,T. Hayakawa,Japan,pre_world_cup,1324227,True,player_below_80pct_coverage,upper90_can_enter_real_xi
304782,T. Hayakawa,Japan,pre_world_cup,1324242,True,player_below_80pct_coverage,upper90_can_enter_real_xi
304782,T. Hayakawa,Japan,pre_world_cup,1324252,True,player_below_80pct_coverage,upper90_can_enter_real_xi
304782,T. Hayakawa,Japan,pre_world_cup,1324267,True,player_below_80pct_coverage,upper90_can_enter_real_xi
304782,T. Hayakawa,Japan,pre_world_cup,1324273,True,player_below_80pct_coverage,upper90_can_enter_real_xi
304782,T. Hayakawa,Japan,pre_world_cup,1324289,True,player_below_80pct_coverage,upper90_can_enter_real_xi
304782,T. Hayakawa,Japan,pre_world_cup,1324299,True,player_below_80pct_coverage,upper90_can_enter_real_xi
304782,T. Hayakawa,Japan,pre_world_cup,1324302,True,player_below_80pct_coverage,upper90_can_enter_real_xi
304782,T. Hayakawa,Japan,pre_world_cup,1324312,True,player_below_80pct_coverage,upper90_can_enter_real_xi
304782,T. Hayakawa,Japan,pre_world_cup,1324322,True,player_below_80pct_coverage,upper90_can_enter_real_xi
304782,T. Hayakawa,Japan,pre_world_cup,1501309,True,player_below_80pct_coverage,upper90_can_enter_real_xi
304782,T. Hayakawa,Japan,pre_world_cup,1504674,True,player_below_80pct_coverage,upper90_can_enter_real_xi
304782,T. Hayakawa,Japan,pre_world_cup,1504683,True,player_below_80pct_coverage,upper90_can_enter_real_xi
304782,T. Hayakawa,Japan,pre_world_cup,1504695,True,player_below_80pct_coverage,upper90_can_enter_real_xi
304782,T. Hayakawa,Japan,pre_world_cup,1504705,True,player_below_80pct_coverage,upper90_can_enter_real_xi
304951,Lee Gi-Hyuk,South Korea,annual_current,1340829,True,player_below_80pct_coverage,upper90_can_enter_real_xi
304951,Lee Gi-Hyuk,South Korea,annual_current,1340838,True,player_below_80pct_coverage,upper90_can_enter_real_xi
304951,Lee Gi-Hyuk,South Korea,annual_current,1340842,True,player_below_80pct_coverage,upper90_can_enter_real_xi
304951,Lee Gi-Hyuk,South Korea,annual_current,1340848,True,player_below_80pct_coverage,upper90_can_enter_real_xi
304951,Lee Gi-Hyuk,South Korea,annual_current,1340851,True,player_below_80pct_coverage,upper90_can_enter_real_xi
304951,Lee Gi-Hyuk,South Korea,annual_current,1340858,True,player_below_80pct_coverage,upper90_can_enter_real_xi
304951,Lee Gi-Hyuk,South Korea,annual_current,1340869,True,player_below_80pct_coverage,upper90_can_enter_real_xi
304951,Lee Gi-Hyuk,South Korea,annual_current,1340878,True,player_below_80pct_coverage,upper90_can_enter_real_xi
304951,Lee Gi-Hyuk,South Korea,annual_current,1340881,True,player_below_80pct_coverage,upper90_can_enter_real_xi
304951,Lee Gi-Hyuk,South Korea,annual_current,1340891,True,player_below_80pct_coverage,upper90_can_enter_real_xi
304951,Lee Gi-Hyuk,South Korea,annual_current,1340897,True,player_below_80pct_coverage,upper90_can_enter_real_xi
304951,Lee Gi-Hyuk,South Korea,annual_current,1438926,True,player_below_80pct_coverage,upper90_can_enter_real_xi
304951,Lee Gi-Hyuk,South Korea,annual_current,1438932,True,player_below_80pct_coverage,upper90_can_enter_real_xi
304951,Lee Gi-Hyuk,South Korea,annual_current,1438938,True,player_below_80pct_coverage,upper90_can_enter_real_xi
304951,Lee Gi-Hyuk,South Korea,annual_current,1438940,True,player_below_80pct_coverage,upper90_can_enter_real_xi
304951,Lee Gi-Hyuk,South Korea,annual_current,1438952,True,player_below_80pct_coverage,upper90_can_enter_real_xi
304951,Lee Gi-Hyuk,South Korea,annual_current,1438960,True,player_below_80pct_coverage,upper90_can_enter_real_xi
304951,Lee Gi-Hyuk,South Korea,annual_current,1482484,True,player_below_80pct_coverage,upper90_can_enter_real_xi
304951,Lee Gi-Hyuk,South Korea,annual_current,1482487,True,player_below_80pct_coverage,upper90_can_enter_real_xi
304951,Lee Gi-Hyuk,South Korea,annual_current,1482489,True,player_below_80pct_coverage,upper90_can_enter_real_xi
304951,Lee Gi-Hyuk,South Korea,annual_current,1482492,True,player_below_80pct_coverage,upper90_can_enter_real_xi
304951,Lee Gi-Hyuk,South Korea,annual_current,1506897,True,player_below_80pct_coverage,upper90_can_enter_real_xi
304951,Lee Gi-Hyuk,South Korea,annual_current,1506902,True,player_below_80pct_coverage,upper90_can_enter_real_xi
304951,Lee Gi-Hyuk,South Korea,annual_current,1506912,True,player_below_80pct_coverage,upper90_can_enter_real_xi
304951,Lee Gi-Hyuk,South Korea,annual_current,1506915,True,player_below_80pct_coverage,upper90_can_enter_real_xi
304951,Lee Gi-Hyuk,South Korea,annual_current,1506924,True,player_below_80pct_coverage,upper90_can_enter_real_xi
304951,Lee Gi-Hyuk,South Korea,annual_current,1506928,True,player_below_80pct_coverage,upper90_can_enter_real_xi
304951,Lee Gi-Hyuk,South Korea,annual_current,1506936,True,player_below_80pct_coverage,upper90_can_enter_real_xi
304951,Lee Gi-Hyuk,South Korea,annual_current,1506938,True,player_below_80pct_coverage,upper90_can_enter_real_xi
304951,Lee Gi-Hyuk,South Korea,annual_current,1506944,True,player_below_80pct_coverage,upper90_can_enter_real_xi
304951,Lee Gi-Hyuk,South Korea,annual_current,1506950,True,player_below_80pct_coverage,upper90_can_enter_real_xi
304951,Lee Gi-Hyuk,South Korea,annual_current,1506958,True,player_below_80pct_coverage,upper90_can_enter_real_xi
304951,Lee Gi-Hyuk,South Korea,annual_current,1506965,True,player_below_80pct_coverage,upper90_can_enter_real_xi
304951,Lee Gi-Hyuk,South Korea,annual_current,1506970,True,player_below_80pct_coverage,upper90_can_enter_real_xi
304951,Lee Gi-Hyuk,South Korea,annual_current,1506974,True,player_below_80pct_coverage,upper90_can_enter_real_xi
304951,Lee Gi-Hyuk,South Korea,annual_current,1506985,True,player_below_80pct_coverage,upper90_can_enter_real_xi
304951,Lee Gi-Hyuk,South Korea,annual_current,1506988,True,player_below_80pct_coverage,upper90_can_enter_real_xi
304951,Lee Gi-Hyuk,South Korea,annual_current,1506997,True,player_below_80pct_coverage,upper90_can_enter_real_xi
304951,Lee Gi-Hyuk,South Korea,pre_world_cup,1340803,True,player_below_80pct_coverage,upper90_can_enter_real_xi
304951,Lee Gi-Hyuk,South Korea,pre_world_cup,1340809,True,player_below_80pct_coverage,upper90_can_enter_real_xi
304951,Lee Gi-Hyuk,South Korea,pre_world_cup,1340815,True,player_below_80pct_coverage,upper90_can_enter_real_xi
304951,Lee Gi-Hyuk,South Korea,pre_world_cup,1340823,True,player_below_80pct_coverage,upper90_can_enter_real_xi
304951,Lee Gi-Hyuk,South Korea,pre_world_cup,1340829,True,player_below_80pct_coverage,upper90_can_enter_real_xi
304951,Lee Gi-Hyuk,South Korea,pre_world_cup,1340838,True,player_below_80pct_coverage,upper90_can_enter_real_xi
304951,Lee Gi-Hyuk,South Korea,pre_world_cup,1340842,True,player_below_80pct_coverage,upper90_can_enter_real_xi
304951,Lee Gi-Hyuk,South Korea,pre_world_cup,1340848,True,player_below_80pct_coverage,upper90_can_enter_real_xi
304951,Lee Gi-Hyuk,South Korea,pre_world_cup,1340851,True,player_below_80pct_coverage,upper90_can_enter_real_xi
304951,Lee Gi-Hyuk,South Korea,pre_world_cup,1340858,True,player_below_80pct_coverage,upper90_can_enter_real_xi
304951,Lee Gi-Hyuk,South Korea,pre_world_cup,1340869,True,player_below_80pct_coverage,upper90_can_enter_real_xi
304951,Lee Gi-Hyuk,South Korea,pre_world_cup,1340878,True,player_below_80pct_coverage,upper90_can_enter_real_xi
304951,Lee Gi-Hyuk,South Korea,pre_world_cup,1340881,True,player_below_80pct_coverage,upper90_can_enter_real_xi
304951,Lee Gi-Hyuk,South Korea,pre_world_cup,1340891,True,player_below_80pct_coverage,upper90_can_enter_real_xi
304951,Lee Gi-Hyuk,South Korea,pre_world_cup,1340897,True,player_below_80pct_coverage,upper90_can_enter_real_xi
304951,Lee Gi-Hyuk,South Korea,pre_world_cup,1438926,True,player_below_80pct_coverage,upper90_can_enter_real_xi
304951,Lee Gi-Hyuk,South Korea,pre_world_cup,1438932,True,player_below_80pct_coverage,upper90_can_enter_real_xi
304951,Lee Gi-Hyuk,South Korea,pre_world_cup,1438938,True,player_below_80pct_coverage,upper90_can_enter_real_xi
304951,Lee Gi-Hyuk,South Korea,pre_world_cup,1438940,True,player_below_80pct_coverage,upper90_can_enter_real_xi
304951,Lee Gi-Hyuk,South Korea,pre_world_cup,1438952,True,player_below_80pct_coverage,upper90_can_enter_real_xi
304951,Lee Gi-Hyuk,South Korea,pre_world_cup,1438960,True,player_below_80pct_coverage,upper90_can_enter_real_xi
304951,Lee Gi-Hyuk,South Korea,pre_world_cup,1482484,True,player_below_80pct_coverage,upper90_can_enter_real_xi
304951,Lee Gi-Hyuk,South Korea,pre_world_cup,1482487,True,player_below_80pct_coverage,upper90_can_enter_real_xi
304951,Lee Gi-Hyuk,South Korea,pre_world_cup,1482489,True,player_below_80pct_coverage,upper90_can_enter_real_xi
304951,Lee Gi-Hyuk,South Korea,pre_world_cup,1482492,True,player_below_80pct_coverage,upper90_can_enter_real_xi
304951,Lee Gi-Hyuk,South Korea,pre_world_cup,1506897,True,player_below_80pct_coverage,upper90_can_enter_real_xi
304951,Lee Gi-Hyuk,South Korea,pre_world_cup,1506902,True,player_below_80pct_coverage,upper90_can_enter_real_xi
304951,Lee Gi-Hyuk,South Korea,pre_world_cup,1506912,True,player_below_80pct_coverage,upper90_can_enter_real_xi
304951,Lee Gi-Hyuk,South Korea,pre_world_cup,1506915,True,player_below_80pct_coverage,upper90_can_enter_real_xi
304951,Lee Gi-Hyuk,South Korea,pre_world_cup,1506924,True,player_below_80pct_coverage,upper90_can_enter_real_xi
304951,Lee Gi-Hyuk,South Korea,pre_world_cup,1506928,True,player_below_80pct_coverage,upper90_can_enter_real_xi
304951,Lee Gi-Hyuk,South Korea,pre_world_cup,1506936,True,player_below_80pct_coverage,upper90_can_enter_real_xi
304951,Lee Gi-Hyuk,South Korea,pre_world_cup,1506938,True,player_below_80pct_coverage,upper90_can_enter_real_xi
304951,Lee Gi-Hyuk,South Korea,pre_world_cup,1506944,True,player_below_80pct_coverage,upper90_can_enter_real_xi
304951,Lee Gi-Hyuk,South Korea,pre_world_cup,1506950,True,player_below_80pct_coverage,upper90_can_enter_real_xi
304951,Lee Gi-Hyuk,South Korea,pre_world_cup,1506958,True,player_below_80pct_coverage,upper90_can_enter_real_xi
304951,Lee Gi-Hyuk,South Korea,pre_world_cup,1506965,True,player_below_80pct_coverage,upper90_can_enter_real_xi
304951,Lee Gi-Hyuk,South Korea,pre_world_cup,1506970,True,player_below_80pct_coverage,upper90_can_enter_real_xi
304951,Lee Gi-Hyuk,South Korea,pre_world_cup,1506974,True,player_below_80pct_coverage,upper90_can_enter_real_xi
304951,Lee Gi-Hyuk,South Korea,pre_world_cup,1506985,True,player_below_80pct_coverage,upper90_can_enter_real_xi
